Seq_Name,Location,Seq_Length,Mol_Wght(T),H/phob(T),H/philic,Uniq(T),Isoelc(Pi),group1_AlNP,group2_ArNP,group3_NeP,group4_AP,group5_BP,group6_Uniq
EF2_ENTHI,Cytoplasm,840,108319,931,-1048,-89,5066,29,8,24,11,14,13
143B_BOVIN,Cytoplasm,245,32311,221,-397,-12,1439,27,8,29,18,13,6
GLB2_ASCSU,Cytoplasm,153,20170,153,-214,-12,927,28,10,22,10,18,9
QOR_MOUSE,Cytoplasm,331,41168,407,-381,-37,2021,34,6,20,9,14,15
GTMU_CAVPO,Cytoplasm,217,29577,219,-288,-24,1316,24,14,23,12,15,11
ACLY_RAT,Cytoplasm,1100,140279,1245,-1259,-130,6672,31,9,22,9,13,14
COAC_YEAST,Cytoplasm,2237,290740,2565,-3078,-228,13509,30,8,23,12,14,11
G3P2_AGABI,Cytoplasm,338,42594,402,-399,-33,2044,33,8,23,9,13,13
GTC_RABIT,Cytoplasm,220,29231,254,-334,-24,1357,30,8,19,14,18,10
EF1A_TETPY,Cytoplasm,435,56054,491,-602,-52,2677,29,7,20,10,17,14
GLNA_CRILO,Cytoplasm,373,48786,298,-482,-50,2264,21,11,25,13,15,15
TCPD_MOUSE,Cytoplasm,539,67683,701,-678,-42,3279,36,3,27,9,13,10
SODC_BRUPA,Cytoplasm,158,19149,168,-204,-19,958,29,3,23,8,15,19
IPPI_YEAST,Cytoplasm,287,38331,284,-438,-28,1676,24,9,26,17,14,9
ABL1_HUMAN,Cytoplasm,1130,143128,979,-1517,-179,6953,25,6,26,12,15,16
GSHC_HUMAN,Cytoplasm,201,25474,232,-221,-31,1216,32,8,22,11,11,16
CYTA_HUMAN,Cytoplasm,98,12740,93,-152,-11,586,27,8,22,14,14,13
LEU3_KLULA,Cytoplasm,362,45083,469,-433,-47,2165,37,5,20,11,11,14
KC1B_BOVIN,Cytoplasm,336,44739,330,-457,-30,2078,25,11,26,9,17,11
PP11_YEAST,Cytoplasm,311,41077,337,-380,-30,1841,28,12,24,12,12,11
PYP3_SCHPO,Cytoplasm,303,39979,370,-383,-26,1832,30,10,28,12,13,9
VPS1_YEAST,Cytoplasm,704,91300,833,-1041,-76,4293,30,6,25,12,15,11
PA1S_HUMAN,Cytoplasm,157,20719,162,-225,-10,946,28,9,27,11,15,7
PTN7_HUMAN,Cytoplasm,360,46989,349,-482,-58,2195,27,7,25,11,14,15
ENO_SCHJA,Cytoplasm,434,54991,492,-538,-41,2608,32,6,24,12,13,12
CAH2_MOUSE,Cytoplasm,259,33572,240,-365,-33,1566,25,10,24,10,15,14
CAN2_HUMAN,Cytoplasm,700,92498,727,-987,-59,4149,27,11,22,13,13,11
L130_HUMAN,Cytoplasm,1207,158967,1476,-1702,-80,7218,33,8,24,14,14,7
MAOX_HUMAN,Cytoplasm,572,74354,680,-763,-60,3441,32,8,23,12,13,12
PYR1_DROME,Cytoplasm,2236,289183,2294,-2780,-282,13730,29,8,25,10,15,13
GLMT_RAT,Cytoplasm,292,37619,300,-355,-31,1777,29,10,21,7,15,13
TCPA_CAEEL,Cytoplasm,549,68618,758,-713,-34,3320,39,3,22,9,14,9
KIME_RAT,Cytoplasm,395,49031,505,-410,-49,2391,37,4,23,9,11,15
RL1_YEAST,Cytoplasm,297,39033,278,-455,-24,1818,28,11,19,10,17,10
C1TC_HUMAN,Cytoplasm,934,118105,1158,-1169,-118,5684,33,6,22,11,13,14
GLB2_LUCPE,Cytoplasm,150,19542,158,-181,-11,902,27,10,29,9,14,10
PTN2_MOUSE,Cytoplasm,382,51380,338,-608,-32,2351,23,8,28,13,18,8
ADH1_KLULA,Cytoplasm,350,43500,405,-386,-38,2095,33,8,20,11,12,15
MVPA_DICDI,Cytoplasm,843,109179,978,-1294,-72,5118,32,6,23,14,15,9
SYLC_YEAST,Cytoplasm,1090,143602,1109,-1510,-107,6551,28,11,21,13,15,10
KCRM_CANFA,Cytoplasm,381,49944,371,-571,-45,2327,24,8,22,12,18,14
ADH1_ENTHI,Cytoplasm,360,44985,439,-415,-43,2179,33,5,17,8,15,17
SYFA_YEAST,Cytoplasm,594,77890,688,-847,-59,3552,29,8,23,13,14,10
FABL_BOVIN,Cytoplasm,127,16479,137,-188,-6,765,23,9,30,13,15,10
SAHH_HUMAN,Cytoplasm,432,55418,495,-513,-40,2599,32,7,23,11,13,12
ATE1_YEAST,Cytoplasm,503,66836,486,-625,-53,3020,25,12,24,13,14,12
ACT1_TRYBB,Cytoplasm,376,48646,380,-461,-46,2250,26,8,27,12,13,13
MEPD_RAT,Cytoplasm,686,90424,702,-958,-68,4124,28,9,23,12,15,11
MX2_RAT,Cytoplasm,659,86832,768,-1041,-50,3967,30,6,24,15,15,8
LEU3_YAMOH,Cytoplasm,368,45876,472,-426,-43,2199,36,5,23,10,11,13
P17_DICDI,Cytoplasm,146,18596,147,-209,-8,867,29,8,25,15,14,9
FABM_LOCMI,Cytoplasm,133,17292,164,-208,-9,807,30,8,19,12,17,10
ACY1_HUMAN,Cytoplasm,408,53159,435,-513,-56,2462,28,10,22,10,13,13
PUR4_YEAST,Cytoplasm,1360,173612,1508,-1699,-156,8086,29,8,27,13,11,13
ARY1_HUMAN,Cytoplasm,290,39062,313,-406,-23,1746,26,12,26,11,14,9
FKBP_CANAL,Cytoplasm,124,15426,131,-157,-22,749,26,6,24,13,11,22
IDHC_YEAST,Cytoplasm,412,53933,458,-570,-33,2479,29,9,22,10,15,10
SC18_YEAST,Cytoplasm,758,97586,916,-1051,-72,4589,30,7,26,13,13,11
GTT1_CHICK,Cytoplasm,260,34319,314,-351,-31,1586,31,8,20,12,15,11
TCPA_DROME,Cytoplasm,557,69829,735,-693,-36,3377,38,4,23,10,14,8
PTNC_HUMAN,Cytoplasm,780,102016,665,-1176,-118,4673,22,7,29,14,14,13
HPRT_PLAFG,Cytoplasm,231,30458,279,-302,-20,1397,29,12,19,11,16,10
NMT_CANAL,Cytoplasm,451,59918,465,-634,-48,2705,26,12,25,12,14,10
TCPE_CAEEL,Cytoplasm,542,69076,690,-752,-43,3269,35,4,21,11,15,10
HEM6_YEAST,Cytoplasm,328,43541,278,-467,-46,1994,23,11,23,9,16,15
CRAL_BOVIN,Cytoplasm,316,42016,353,-458,-30,1881,28,12,21,14,13,10
GLYC_NEUCR,Cytoplasm,479,61365,538,-616,-52,2911,31,8,23,10,14,12
MYS9_DROME,Cytoplasm,1253,165658,1287,-1912,-103,7705,28,8,24,13,17,9
COAC_CHICK,Cytoplasm,2324,304233,2645,-3050,-238,14039,30,9,24,11,14,11
FAB1_MANSE,Cytoplasm,132,17176,111,-195,-8,779,23,13,27,11,12,11
GGPP_NEUCR,Cytoplasm,428,55519,446,-572,-58,2589,27,8,29,11,13,12
PPCC_CHICK,Cytoplasm,622,80626,644,-733,-92,3757,27,9,23,14,13,15
CYTC_BOVIN,Cytoplasm,101,13390,114,-159,-8,602,28,11,24,13,15,8
HS83_LEIAM,Cytoplasm,701,93093,690,-1104,-45,4168,26,8,24,17,16,7
DAB_DROME,Cytoplasm,2411,307137,1963,-3521,-370,14520,23,6,29,9,14,15
PMM_YEAST,Cytoplasm,254,33584,283,-369,-21,1512,26,12,21,14,14,11
SC21_YEAST,Cytoplasm,935,121523,1190,-1302,-64,5522,32,8,29,14,12,6
RET3_BOVIN,Cytoplasm,136,17873,133,-205,-10,816,26,9,25,15,15,10
V1P_RAT,Cytoplasm,117,14803,138,-159,-10,696,35,5,16,10,15,12
FABL_CHICK,Cytoplasm,125,16295,138,-192,-8,767,27,7,26,12,17,9
PUA2_MOUSE,Cytoplasm,456,58283,519,-586,-52,2750,29,8,23,11,13,15
TSA_YEAST,Cytoplasm,195,24926,255,-246,-23,1161,34,10,19,12,11,12
RINI_HUMAN,Cytoplasm,460,58047,568,-516,-35,2693,35,3,29,11,10,10
ABL_DROME,Cytoplasm,1520,188998,1288,-1968,-242,9254,25,5,31,10,13,17
DHAC_HORSE,Cytoplasm,500,63663,551,-595,-57,3011,29,10,23,10,12,14
FIMB_CHICK,Cytoplasm,630,82180,749,-894,-50,3762,32,8,25,14,13,9
TPP2_HUMAN,Cytoplasm,1249,160756,1284,-1611,-144,7503,29,8,25,12,13,12
ADHE_HORSE,Cytoplasm,374,46472,461,-382,-47,2273,31,6,24,8,13,16
GTPA_BOVIN,Cytoplasm,1044,134403,1140,-1310,-127,6315,30,8,23,12,14,13
PTNB_HUMAN,Cytoplasm,593,78590,527,-929,-57,3621,23,8,26,13,17,11
PYRD_YEAST,Cytoplasm,314,40395,362,-393,-38,1880,28,10,24,15,12,14
FABH_MOUSE,Cytoplasm,132,17016,145,-200,-6,792,27,8,28,9,14,9
SR54_YEAST,Cytoplasm,541,69248,521,-670,-56,3260,24,5,35,12,12,13
PYP2_SCHPO,Cytoplasm,711,92046,700,-881,-100,4341,25,9,31,10,14,12
FPPS_YEAST,Cytoplasm,352,46755,394,-495,-21,2100,31,11,21,13,14,7
DYHC_EMENI,Cytoplasm,4344,570093,5136,-6154,-332,26138,32,8,25,12,14,8
MDHC_ECHGR,Cytoplasm,332,42290,393,-399,-32,2010,33,8,23,9,14,11
SPRE_RAT,Cytoplasm,262,32794,318,-286,-27,1568,35,5,29,10,9,13
HPRT_SCHMA,Cytoplasm,284,36911,356,-326,-25,1691,31,8,27,9,12,9
LKHA_CAVPO,Cytoplasm,610,79723,673,-777,-65,3679,30,10,25,10,14,10
TYTR_LEIDO,Cytoplasm,491,61693,531,-548,-50,2936,30,7,25,11,12,14
MIF_BOVIN,Cytoplasm,114,14232,131,-111,-15,686,32,7,32,9,9,15
VPS3_YEAST,Cytoplasm,1011,134969,1191,-1579,-53,5961,28,9,26,17,15,5
QSR1_YEAST,Cytoplasm,221,29292,223,-339,-22,1430,28,10,19,10,22,11
SYYC_YEAST,Cytoplasm,394,51043,454,-536,-51,2398,30,9,22,13,14,12
G6PI_YEAST,Cytoplasm,553,71035,626,-736,-42,3298,29,11,26,13,12,10
LOX1_RABIT,Cytoplasm,662,86990,769,-792,-79,3997,31,10,23,10,13,13
DYHC_DICDI,Cytoplasm,4725,623236,5335,-6885,-382,28482,29,8,28,12,14,8
NCK_HUMAN,Cytoplasm,377,49584,346,-549,-42,2273,24,10,25,15,15,12
EF1A_AJECA,Cytoplasm,460,58416,503,-612,-58,2842,28,7,23,10,16,14
SUHS_RAT,Cytoplasm,283,37987,292,-338,-28,1711,25,15,23,9,14,11
NMT_CRYNE,Cytoplasm,491,63576,542,-645,-62,2988,30,9,21,10,14,13
TBB_ACHKL,Cytoplasm,444,57769,415,-541,-44,2589,25,9,30,13,10,12
TCPQ_MOUSE,Cytoplasm,548,69333,663,-678,-45,3275,34,6,23,12,13,11
ASG1_YEAST,Cytoplasm,381,48188,443,-437,-44,2254,31,7,28,10,10,13
PAS7_YEAST,Cytoplasm,375,49007,396,-480,-32,2266,26,12,30,12,13,11
FRIS_LYMST,Cytoplasm,173,23083,152,-281,-8,1024,24,10,26,14,16,7
FABE_HUMAN,Cytoplasm,135,17559,125,-191,-6,815,24,6,31,12,16,9
PP12_YEAST,Cytoplasm,312,41464,349,-403,-34,1864,27,11,22,11,13,12
IFE_BRALA,Cytoplasm,464,59577,395,-747,-23,2792,26,5,28,15,15,10
SODC_CARCR,Cytoplasm,166,20097,176,-217,-24,999,27,3,22,13,14,21
I1BC_MOUSE,Cytoplasm,402,52806,445,-566,-33,2415,27,8,26,12,15,9
PTI_HUMAN,Cytoplasm,376,49288,411,-481,-25,2237,26,10,28,14,13,9
DHQU_RAT,Cytoplasm,273,35676,314,-346,-30,1661,30,12,21,11,14,12
HD_HUMAN,Cytoplasm,3144,404034,3815,-3776,-356,18872,33,6,28,9,12,10
RNA1_YEAST,Cytoplasm,407,53072,517,-616,-25,2341,33,7,20,18,13,7
CYG4_HUMAN,Cytoplasm,732,94814,804,-935,-85,4465,28,7,26,11,15,12
ATDA_HUMAN,Cytoplasm,171,23061,177,-202,-14,1012,27,15,19,13,14,9
SYFB_YEAST,Cytoplasm,502,66333,539,-754,-43,3002,27,9,25,13,14,10
GTA3_CHICK,Cytoplasm,228,30250,278,-293,-20,1405,32,12,17,9,16,10
XFIN_XENLA,Cytoplasm,1350,179910,916,-2061,-141,8578,17,8,31,10,24,10
ALDR_MOUSE,Cytoplasm,315,41212,357,-407,-41,1908,30,9,23,10,14,12
TCPZ_HUMAN,Cytoplasm,531,67497,691,-722,-37,3224,36,4,21,11,15,10
AMPL_BOVIN,Cytoplasm,478,60219,530,-598,-54,2875,31,7,23,12,13,14
CYPC_HUMAN,Cytoplasm,212,26535,265,-230,-28,1290,29,10,19,6,13,19
KIME_YEAST,Cytoplasm,443,56360,547,-537,-39,2622,32,7,28,11,11,11
SYD_HUMAN,Cytoplasm,500,66109,548,-740,-49,3037,28,8,24,12,16,10
DHCA_MOUSE,Cytoplasm,276,35512,319,-392,-32,1689,30,6,22,12,15,13
GLB1_SCAIN,Cytoplasm,146,18538,182,-197,-9,888,36,8,22,8,14,9
PGK1_TRYCO,Cytoplasm,420,52387,485,-488,-47,2553,33,5,21,9,14,15
HAL1_YEAST,Cytoplasm,294,38231,252,-452,-34,1799,19,9,33,14,16,12
EP15_MOUSE,Cytoplasm,897,114490,870,-1313,-119,5193,26,7,29,13,11,11
TCPE_YEAST,Cytoplasm,551,70507,677,-779,-43,3297,32,5,23,9,15,10
RSP4_BOVIN,Cytoplasm,295,38152,302,-374,-38,1749,31,9,24,12,10,12
BAXB_HUMAN,Cytoplasm,218,28098,236,-243,-38,1334,29,9,22,6,12,17
SYI_HUMAN,Cytoplasm,1266,167562,1440,-1671,-124,7623,29,10,24,12,13,10
APT_DROME,Cytoplasm,183,23129,264,-217,-18,1110,38,7,14,9,14,14
RS12_HUMAN,Cytoplasm,131,16718,159,-185,-7,795,36,4,18,13,18,9
TCPH_MOUSE,Cytoplasm,544,69357,675,-694,-47,3308,35,6,23,10,14,11
RIR2_HUMAN,Cytoplasm,389,51810,463,-510,-39,2330,29,12,22,14,14,10
MANA_YEAST,Cytoplasm,428,55689,454,-619,-54,2566,27,9,23,12,15,12
STH1_XENLA,Cytoplasm,145,19362,132,-288,-9,900,26,1,21,22,24,5
SR72_CANFA,Cytoplasm,670,86320,657,-1045,-59,4145,29,5,27,12,17,10
IPB2_YEAST,Cytoplasm,74,9763,95,-137,-4,450,30,5,18,18,23,7
GTA_PLEPL,Cytoplasm,225,29727,190,-276,-26,1362,24,12,28,12,13,11
IPYR_KLULA,Cytoplasm,286,37128,301,-420,-35,1702,29,9,20,14,14,12
SP21_HUMAN,Cytoplasm,72,9234,5,-57,-43,452,3,4,42,3,11,38
KAD1_YEAST,Cytoplasm,222,28205,237,-310,-28,1345,31,5,22,9,15,14
CORN_PIG,Cytoplasm,97,12439,42,-123,-50,609,11,0,35,7,14,32
ERG8_YEAST,Cytoplasm,424,54883,458,-570,-39,2556,29,9,24,9,15,11
IFEB_ASCSU,Cytoplasm,589,78203,530,-1096,-27,3592,26,5,26,16,18,7
AATC_CHICK,Cytoplasm,411,53132,438,-524,-45,2500,29,10,24,10,13,13
DCUP_HUMAN,Cytoplasm,367,47273,423,-424,-53,2216,33,9,20,9,12,15
G6PI_LEIME,Cytoplasm,605,78083,684,-772,-44,3625,29,9,28,12,12,10
RL3_BOVIN,Cytoplasm,402,53057,404,-634,-36,2643,26,8,20,7,25,12
CATT_YEAST,Cytoplasm,562,74547,502,-814,-72,3375,22,13,26,12,14,13
CKI2_SCHPO,Cytoplasm,435,57528,379,-621,-40,2676,23,11,29,12,16,11
SM30_RAT,Cytoplasm,299,38716,292,-364,-29,1784,26,10,24,9,13,12
LOX5_HUMAN,Cytoplasm,673,89859,751,-891,-68,4030,29,12,22,11,14,10
FTDH_RAT,Cytoplasm,902,115231,1065,-1130,-97,5423,31,8,22,12,13,13
ITK_HUMAN,Cytoplasm,620,82891,606,-852,-61,3779,26,11,24,13,16,10
SAHH_LEIDO,Cytoplasm,437,55576,491,-520,-44,2611,32,8,23,11,13,13
SYK_CRILO,Cytoplasm,597,78640,632,-838,-64,3613,28,8,22,13,16,11
LEU3_CANMA,Cytoplasm,373,46823,482,-455,-43,2228,36,5,22,11,12,12
PBP_BOVIN,Cytoplasm,186,24161,155,-256,-33,1137,24,10,20,9,16,18
SR14_HUMAN,Cytoplasm,136,16957,133,-191,-9,874,33,5,27,8,19,7
DIDH_RAT,Cytoplasm,322,42763,364,-455,-28,1950,29,10,23,11,16,9
PPCT_BOVIN,Cytoplasm,213,28431,200,-285,-22,1283,27,14,23,10,13,11
TUBE_DROME,Cytoplasm,462,58001,415,-650,-64,2685,25,4,36,15,8,13
KAD1_CHICK,Cytoplasm,194,25132,201,-283,-17,1200,28,7,19,10,19,13
FKBP_BOVIN,Cytoplasm,107,13673,110,-141,-16,657,25,8,21,8,15,19
SYLC_NEUCR,Cytoplasm,1123,146451,1112,-1520,-116,6798,29,11,20,11,15,11
OXYB_HUMAN,Cytoplasm,807,103828,685,-1138,-88,4920,25,8,26,13,15,13
NMT_AJECA,Cytoplasm,529,68800,554,-744,-58,3227,29,8,23,12,16,12
UN33_CAEEL,Cytoplasm,854,106072,852,-1151,-112,5096,28,5,26,12,12,14
SORC_CRILO,Cytoplasm,198,25268,161,-215,-26,1177,21,12,29,6,10,18
TRF2_MOUSE,Cytoplasm,501,64962,532,-608,-49,3029,28,7,28,11,14,10
RAPA_HUMAN,Cytoplasm,184,24257,206,-269,-11,1107,28,8,28,12,14,8
PARF_PARTE,Cytoplasm,475,61476,514,-646,-40,2826,27,11,24,11,13,12
NAT1_YEAST,Cytoplasm,853,113997,869,-1322,-60,5214,28,11,23,13,17,7
TCPG_YEAST,Cytoplasm,534,68340,673,-719,-46,3227,35,3,23,11,14,10
HS82_YEAST,Cytoplasm,709,94058,787,-1166,-53,4200,28,8,21,17,15,7
DESM_HUMAN,Cytoplasm,468,61735,468,-798,-25,2824,29,6,27,16,15,6
DYNA_RAT,Cytoplasm,1325,169718,1311,-1971,-155,8047,30,4,25,12,15,12
SYEC_YEAST,Cytoplasm,743,98264,820,-1105,-60,4526,29,9,21,11,17,9
DOPD_RAT,Cytoplasm,117,15075,150,-138,-15,708,31,7,27,11,12,12
RET2_MOUSE,Cytoplasm,133,17837,112,-231,-4,801,20,11,28,14,17,8
D7_XENLA,Cytoplasm,278,36335,162,-378,-64,1690,17,9,31,15,13,18
HS74_YEAST,Cytoplasm,641,80962,705,-953,-63,3824,30,6,24,13,13,12
FABI_HUMAN,Cytoplasm,131,17399,142,-222,-4,794,26,11,23,18,17,8
ACTP_ACACA,Cytoplasm,137,17853,139,-209,-9,824,27,9,25,11,16,8
MDM1_YEAST,Cytoplasm,443,59368,489,-688,-20,2675,27,10,29,15,15,6
RL8_HUMAN,Cytoplasm,257,32600,266,-373,-36,1722,29,5,16,7,25,18
ADH2_STRCA,Cytoplasm,379,47067,453,-385,-49,2290,30,7,24,8,13,16
HPRT_LEIDO,Cytoplasm,211,27365,251,-250,-20,1283,33,9,21,9,14,10
ARI1_PENRO,Cytoplasm,342,45285,357,-464,-30,2044,29,10,23,13,14,8
CTK_HUMAN,Cytoplasm,507,65512,535,-656,-62,3158,30,7,20,10,18,14
INO1_CANAL,Cytoplasm,520,67055,628,-728,-54,3098,32,8,23,13,13,11
MX2_HUMAN,Cytoplasm,715,94846,796,-1065,-72,4386,28,7,27,14,15,10
TUBE_DROVI,Cytoplasm,514,63715,483,-708,-51,2960,29,4,36,14,8,10
DEP1_YEAST,Cytoplasm,362,48237,276,-647,-26,2108,23,6,30,19,15,6
CARA_YEAST,Cytoplasm,411,52690,452,-503,-48,2476,29,9,27,10,12,13
PGM1_YEAST,Cytoplasm,570,73282,624,-726,-70,3449,28,11,21,11,14,15
PPCE_HUMAN,Cytoplasm,710,93434,718,-898,-72,4222,26,13,22,9,13,12
CYG1_BOVIN,Cytoplasm,619,81546,706,-850,-53,3674,28,8,25,13,14,10
ZYX_CHICK,Cytoplasm,542,68209,403,-573,-168,3296,20,6,29,9,12,23
SC18_CANAL,Cytoplasm,794,103098,961,-1154,-91,4813,30,7,25,12,14,12
VP16_YEAST,Cytoplasm,797,106987,914,-1119,-50,4806,29,11,25,11,15,7
FOLC_MOUSE,Cytoplasm,587,75281,656,-703,-80,3583,30,7,27,8,13,14
TCPZ_YEAST,Cytoplasm,546,69665,680,-751,-42,3285,34,5,24,10,14,10
NCF1_HUMAN,Cytoplasm,390,51634,350,-574,-58,2425,25,9,24,9,17,13
GPDA_MOUSE,Cytoplasm,348,43644,451,-391,-38,2102,33,6,23,11,13,15
CAYP_CANFA,Cytoplasm,189,24492,198,-277,-11,1127,30,7,21,9,14,10
ST20_YEAST,Cytoplasm,939,119132,779,-1399,-125,5673,23,4,35,14,14,12
PTP1_YEAST,Cytoplasm,335,44836,320,-478,-34,2047,25,10,27,11,16,10
CYTA_RAT,Cytoplasm,103,13386,108,-168,-8,619,26,7,21,13,17,12
UBL3_HUMAN,Cytoplasm,230,30275,249,-326,-24,1347,28,8,23,16,13,10
OTC_YEAST,Cytoplasm,338,43868,419,-463,-18,2014,30,9,29,13,14,7
DBL_HUMAN,Cytoplasm,925,124166,992,-1403,-64,5551,28,9,27,14,15,7
OAT_YEAST,Cytoplasm,423,53586,524,-491,-48,2563,34,7,21,9,14,13
SEC6_YEAST,Cytoplasm,805,107793,963,-1206,-41,4766,29,10,25,14,14,6
IFEA_HELAS,Cytoplasm,575,74608,565,-938,-28,3468,29,5,28,14,15,7
TTPA_HUMAN,Cytoplasm,278,36699,346,-357,-34,1704,32,10,20,9,15,11
CAN1_HUMAN,Cytoplasm,714,94631,765,-981,-60,4296,27,11,23,12,14,11
SYU_BOVIN,Cytoplasm,134,16655,126,-186,-16,768,30,5,19,20,10,15
GTM3_HUMAN,Cytoplasm,225,30690,227,-306,-18,1340,25,13,25,12,14,8
143E_HUMAN,Cytoplasm,255,33713,257,-389,-12,1491,31,7,22,16,14,6
CBS_RAT,Cytoplasm,560,71315,619,-692,-66,3387,30,6,25,10,13,14
IRE2_HUMAN,Cytoplasm,963,122208,1142,-1131,-120,5809,30,8,24,10,12,14
CYS3_YEAST,Cytoplasm,393,49419,484,-521,-38,2362,34,7,24,11,12,11
DHAP_MOUSE,Cytoplasm,453,58545,501,-590,-53,2746,30,8,24,11,14,12
BEM3_YEAST,Cytoplasm,1151,148200,1157,-1680,-131,6930,25,6,34,13,13,10
LEU3_YARLI,Cytoplasm,405,50581,489,-490,-50,2453,33,4,23,10,13,14
FLUG_EMENI,Cytoplasm,865,111948,983,-1115,-86,5183,32,9,26,10,12,10
INO1_YEAST,Cytoplasm,536,69631,616,-734,-51,3218,30,9,26,13,13,10
PYC1_YEAST,Cytoplasm,1178,151137,1403,-1565,-124,7115,32,7,22,10,14,12
DREB_CHICK,Cytoplasm,607,77521,463,-920,-119,3509,24,6,20,17,11,18
RO60_XENLA,Cytoplasm,538,70284,606,-701,-39,3275,31,7,25,11,16,8
PGDH_HUMAN,Cytoplasm,266,33714,333,-323,-21,1580,35,7,26,11,11,12
SYSC_YEAST,Cytoplasm,462,61531,453,-726,-42,2784,26,10,22,16,16,10
DYHC_YEAST,Cytoplasm,4092,544443,5094,-5798,-239,24550,30,10,26,13,14,6
SR68_CANFA,Cytoplasm,622,81373,631,-954,-52,3826,28,8,23,13,16,11
TRF1_MOUSE,Cytoplasm,409,52757,440,-509,-44,2436,30,7,28,11,13,10
CNTF_HUMAN,Cytoplasm,200,26487,223,-289,-15,1216,31,8,26,11,16,9
RL44_TRYBB,Cytoplasm,106,14329,68,-195,-9,734,18,8,25,8,33,9
EF2_CAEEL,Cytoplasm,852,109855,968,-1093,-94,5152,29,8,22,10,14,13
CYG2_RAT,Cytoplasm,682,88367,771,-869,-73,4142,29,7,26,12,15,11
GPDA_SCHPO,Cytoplasm,384,48646,458,-471,-40,2297,32,7,21,13,13,14
3HAO_HUMAN,Cytoplasm,286,37635,298,-380,-37,1729,27,9,23,10,13,14
MTD1_YEAST,Cytoplasm,320,41940,370,-449,-25,1928,31,9,25,16,14,9
HMCS_CHICK,Cytoplasm,522,66872,546,-630,-50,3110,29,9,25,10,12,12
VATE_BOVIN,Cytoplasm,226,30159,271,-380,-11,1387,34,5,22,13,17,6
LIS1_BOVIN,Cytoplasm,409,53773,377,-569,-31,2496,24,9,26,10,18,9
KCOT_HUMAN,Cytoplasm,467,61225,492,-605,-56,2805,28,8,24,12,14,12
HS9B_CHICK,Cytoplasm,725,96365,734,-1189,-52,4302,26,8,22,17,16,8
APT2_YEAST,Cytoplasm,181,23217,267,-213,-18,1062,35,11,16,11,12,12
TP20_YEAST,Cytoplasm,701,93674,836,-1067,-33,4171,30,10,31,15,12,5
SDHL_YEAST,Cytoplasm,338,42848,387,-396,-30,2034,31,7,26,10,14,12
GCY_YEAST,Cytoplasm,312,40637,356,-453,-37,1901,31,7,24,12,15,11
PFPN_ENTHI,Cytoplasm,97,12148,161,-93,-4,580,43,6,24,7,11,6
GLB_BUSCA,Cytoplasm,145,18080,169,-177,-9,881,32,8,20,3,17,11
L2CS_DROME,Cytoplasm,245,31827,256,-311,-28,1507,27,9,27,7,15,14
GLTP_PIG,Cytoplasm,208,27403,253,-260,-21,1264,34,11,20,13,14,10
PYP1_SCHPO,Cytoplasm,550,71400,561,-703,-60,3318,26,11,31,10,13,10
S10B_BOVIN,Cytoplasm,91,12145,105,-147,-2,510,26,9,20,20,15,4
PH2M_TRICU,Cytoplasm,664,86880,658,-950,-62,4019,27,9,23,10,16,11
TREA_YEAST,Cytoplasm,751,99493,684,-1050,-83,4567,25,12,24,12,15,12
SYU_HUMAN,Cytoplasm,140,16946,139,-186,-15,820,31,4,19,15,11,16
YCW7_YEAST,Cytoplasm,797,102715,809,-1116,-107,4815,26,7,31,11,12,13
GSHR_HUMAN,Cytoplasm,478,60096,540,-545,-56,2909,31,6,24,10,14,14
SR19_HUMAN,Cytoplasm,144,18711,128,-218,-14,922,26,6,27,10,19,11
SYDC_YEAST,Cytoplasm,556,73302,609,-868,-54,3395,29,8,19,13,17,10
PTN8_MOUSE,Cytoplasm,802,104031,701,-1079,-112,4854,23,8,32,11,14,12
RSP4_TRIGR,Cytoplasm,316,40156,322,-365,-48,1880,32,9,22,9,10,14
BNC2_RAT,Cytoplasm,119,15318,130,-112,-22,744,30,8,20,5,14,18
SHC_HUMAN,Cytoplasm,473,60048,442,-596,-93,2894,26,6,24,10,14,19
CKI1_SCHPO,Cytoplasm,446,58336,389,-680,-52,2730,24,9,28,14,15,12
S10A_HUMAN,Cytoplasm,93,12059,107,-142,-2,524,30,9,22,18,12,6
SDHL_HUMAN,Cytoplasm,328,40548,417,-323,-42,1994,37,6,21,8,12,15
LEU3_SCHOC,Cytoplasm,379,50340,476,-504,-32,2299,30,10,29,14,13,8
CAN3_HUMAN,Cytoplasm,821,108907,781,-1183,-83,4932,24,11,26,12,15,11
SYR_CRILO,Cytoplasm,661,87395,763,-953,-48,4009,30,9,23,11,16,9
SYTC_YEAST,Cytoplasm,734,97618,723,-1079,-64,4459,25,10,23,13,17,10
KR11_YEAST,Cytoplasm,560,73358,609,-803,-45,3377,27,9,36,17,12,8
CORN_RABIT,Cytoplasm,126,16277,58,-158,-62,785,11,0,37,8,13,31
G6PI_PLAFA,Cytoplasm,591,79308,654,-937,-28,3569,26,11,28,18,16,6
IPPD_BOVIN,Cytoplasm,202,26208,115,-360,-44,1186,17,3,22,20,15,19
IDE_RAT,Cytoplasm,1019,135899,1110,-1421,-117,6160,28,11,22,13,15,11
RL18_HUMAN,Cytoplasm,187,24826,189,-312,-22,1292,26,6,20,6,28,13
STE5_YEAST,Cytoplasm,917,119100,988,-1316,-95,5437,26,7,32,14,12,9
SR09_CANFA,Cytoplasm,85,11415,87,-125,-2,523,31,8,25,7,19,2
PROB_YEAST,Cytoplasm,428,54879,518,-598,-38,2593,33,5,24,11,14,11
CNTF_CHICK,Cytoplasm,195,24798,233,-257,-21,1185,37,4,19,9,13,12
VATE_YEAST,Cytoplasm,233,30730,279,-400,-12,1411,33,4,24,19,16,5
EF2_CRIGR,Cytoplasm,858,110712,985,-1095,-100,5208,30,7,22,10,15,13
OMP_RAT,Cytoplasm,162,21598,176,-261,-14,971,28,8,24,10,14,9
PHB_HUMAN,Cytoplasm,272,34648,388,-369,-21,1645,38,7,20,10,13,10
CRAC_DICDI,Cytoplasm,697,90839,640,-946,-70,4195,22,9,35,12,13,11
CC2H_PLAFK,Cytoplasm,288,38124,337,-405,-28,1761,30,9,20,13,16,11
ERF1_YEAST,Cytoplasm,437,56783,508,-636,-28,2582,30,10,22,14,13,9
PPAL_YEAST,Cytoplasm,161,21534,154,-252,-12,971,21,12,27,15,17,9
GELS_MOUSE,Cytoplasm,730,93778,712,-1004,-87,4386,27,9,23,11,13,15
CSW_DROME,Cytoplasm,841,107447,726,-1148,-101,5124,23,7,32,12,13,14
UDPG_BOVIN,Cytoplasm,507,65815,602,-720,-52,3074,29,8,26,13,14,11
TCPB_CAEEL,Cytoplasm,529,66429,700,-703,-37,3190,37,3,22,11,14,10
ADHP_HUMAN,Cytoplasm,391,48482,485,-407,-43,2364,32,7,24,8,13,15
RS10_HUMAN,Cytoplasm,165,21828,132,-246,-30,1072,24,9,16,10,22,18
HS73_YEAST,Cytoplasm,649,82132,678,-967,-61,3876,28,6,25,12,13,12
FAD1_YEAST,Cytoplasm,306,40996,317,-403,-30,1810,25,14,27,13,11,10
RIR1_HUMAN,Cytoplasm,792,104205,810,-1058,-66,4783,29,9,27,13,14,9
SYAC_YEAST,Cytoplasm,958,124292,1028,-1419,-91,5738,28,10,20,13,15,12
GDIR_BOVIN,Cytoplasm,204,27049,188,-324,-20,1223,26,8,22,15,16,10
NCF2_HUMAN,Cytoplasm,526,69143,528,-744,-70,3177,27,9,23,13,14,12
CACT_DROME,Cytoplasm,500,62727,452,-696,-52,2917,28,4,32,13,11,11
CYP4_HUMAN,Cytoplasm,370,47359,402,-527,-41,2246,28,8,20,11,16,14
BUP_RAT,Cytoplasm,393,51048,404,-501,-46,2378,29,9,26,14,13,13
GLB1_LUCPE,Cytoplasm,142,17268,144,-146,-11,835,32,11,25,10,9,13
PTP2_YEAST,Cytoplasm,750,99252,790,-1101,-78,4563,26,9,34,13,14,8
SC23_YEAST,Cytoplasm,768,99094,845,-947,-92,4559,29,10,29,11,10,11
SYQ_HUMAN,Cytoplasm,775,101630,853,-1032,-87,4735,30,9,21,11,16,11
EZRI_MOUSE,Cytoplasm,585,79648,546,-1078,-48,3580,26,7,21,17,19,8
THIL_SACUV,Cytoplasm,398,48757,501,-464,-40,2395,36,6,23,10,11,14
HPRT_TRYBB,Cytoplasm,210,27095,262,-273,-20,1282,33,8,17,9,16,11
PTN2_HUMAN,Cytoplasm,415,55925,384,-632,-35,2547,24,10,28,13,17,9
SDHL_RAT,Cytoplasm,362,44755,470,-385,-42,2201,37,5,23,8,12,14
NDKC_DICDI,Cytoplasm,155,19547,200,-190,-21,950,33,8,17,13,14,16
MT17_YEAST,Cytoplasm,443,56442,493,-569,-52,2654,30,11,21,11,12,14
TCPB_MOUSE,Cytoplasm,535,66993,701,-678,-38,3239,38,4,20,10,15,10
FTHC_RABIT,Cytoplasm,201,26307,218,-291,-17,1231,31,7,25,8,15,9
C1TC_YEAST,Cytoplasm,946,119098,1160,-1198,-118,5732,33,6,23,10,13,14
TCPG_MOUSE,Cytoplasm,545,70352,632,-753,-43,3316,32,3,26,12,15,10
NNMT_HUMAN,Cytoplasm,264,34274,291,-315,-29,1580,30,10,24,10,13,11
ALB1_XENLA,Extracelullar,606,81309,564,-884,-58,3600,23,8,26,15,18,8
IBP3_HUMAN,Extracelullar,291,36844,233,-346,-51,1822,24,6,26,8,17,17
PSPA_CANFA,Extracelullar,248,30685,207,-267,-54,1471,24,6,24,13,9,25
TRY1_RAT,Extracelullar,246,30340,287,-222,-32,1430,33,7,28,10,7,16
APE_RAT,Extracelullar,311,41577,303,-535,-20,1904,30,5,26,15,15,8
SSP2_BOMMO,Extracelullar,704,96025,731,-913,-60,4209,25,18,23,12,13,8
TRY3_ANOGA,Extracelullar,275,34302,316,-294,-30,1656,33,7,27,8,11,14
ABP_HUMAN,Extracelullar,751,98767,727,-925,-121,4573,26,13,23,9,14,16
FBP1_STRPU,Extracelullar,1064,131083,854,-828,-127,5838,22,8,38,14,3,16
HCYE_EURCA,Extracelullar,623,82660,649,-869,-63,3714,26,10,22,12,15,11
FA8_HUMAN,Extracelullar,2351,309007,2231,-3284,-256,14231,24,10,30,12,14,11
HCY2_LIMPO,Extracelullar,628,83833,620,-929,-66,3778,25,11,19,12,18,11
CASB_MOUSE,Extracelullar,231,29448,322,-271,-34,1372,37,5,35,8,7,10
CUTI_COLCA,Extracelullar,228,27773,290,-216,-23,1367,37,7,29,10,7,12
EOAT_MOUSE,Extracelullar,97,12608,107,-121,-10,624,28,6,35,4,19,8
CUTI_PHYCP,Extracelullar,210,26083,188,-200,-46,1303,29,5,30,5,12,19
APC3_CANFA,Extracelullar,100,12676,97,-113,-8,595,30,9,31,5,10,9
APA2_HUMAN,Extracelullar,100,12944,120,-125,-8,602,33,8,27,11,12,8
CTRB_HUMAN,Extracelullar,263,32554,303,-242,-31,1571,32,8,29,6,9,14
ALS_HUMAN,Extracelullar,605,76831,788,-707,-80,3668,36,6,21,11,11,15
APA1_BOVIN,Extracelullar,265,34994,294,-446,-17,1610,33,7,20,12,17,7
PRTS_MOUSE,Extracelullar,675,86981,707,-827,-64,4020,27,9,28,12,12,11
HCYA_PANIN,Extracelullar,657,87419,634,-977,-67,3897,24,11,22,13,16,12
CL43_BOVIN,Extracelullar,301,36727,195,-381,-74,1814,20,4,21,13,12,28
FBLD_MOUSE,Extracelullar,705,90641,613,-792,-82,4127,22,7,34,13,11,13
LAMR_PETMA,Extracelullar,119,13440,164,-46,-22,730,44,8,12,1,8,29
MS2A_DROME,Extracelullar,264,34372,281,-445,-23,1608,30,3,33,15,15,7
CBPN_HUMAN,Extracelullar,458,60453,461,-629,-62,2795,27,10,23,13,15,14
ALBU_BOVIN,Extracelullar,607,80122,615,-844,-52,3648,27,9,23,12,17,7
INIG_MOUSE,Extracelullar,98,12522,121,-114,-13,627,33,2,29,9,17,12
ZP3B_HUMAN,Extracelullar,372,48055,384,-437,-51,2201,27,8,29,10,12,13
AFAM_RAT,Extracelullar,608,80182,623,-825,-49,3637,27,9,29,12,14,7
OLFM_RANCA,Extracelullar,464,60845,509,-601,-32,2809,30,9,28,14,14,8
JSP1_TRINI,Extracelullar,624,83899,720,-864,-64,3761,30,12,23,13,14,9
VTNC_PIG,Extracelullar,459,60757,357,-605,-70,2771,22,13,23,9,14,15
SODE_DIRIM,Extracelullar,195,24262,230,-240,-20,1209,31,5,29,12,15,15
TRAM_BOVIN,Extracelullar,183,25241,77,-220,-15,1070,14,20,32,12,11,10
HP27_TAMAS,Extracelullar,215,26623,208,-211,-48,1290,26,7,24,10,10,24
ACH1_BOMMO,Extracelullar,400,51703,518,-522,-43,2382,33,9,20,12,13,11
CBG_RAT,Extracelullar,396,51731,451,-481,-34,2320,29,10,32,10,9,9
PSPC_RABIT,Extracelullar,186,22996,234,-141,-34,1132,37,5,23,6,10,18
CAS1_RABIT,Extracelullar,215,29351,221,-346,-23,1287,29,9,24,17,14,7
CAC3_BOVIN,Extracelullar,240,30136,242,-241,-32,1403,29,10,27,8,8,16
FETA_HORSE,Extracelullar,609,79216,647,-783,-52,3614,28,8,30,13,12,9
PSPC_MOUSE,Extracelullar,193,24486,225,-182,-28,1169,32,7,26,7,11,14
A1AT_HUMAN,Extracelullar,418,54190,509,-564,-40,2476,30,9,25,12,13,10
CTR1_PENVA,Extracelullar,271,33513,291,-253,-39,1609,30,8,29,7,8,17
PSPD_BOVIN,Extracelullar,369,43943,260,-401,-104,2260,21,4,22,10,11,33
CRA2_HOMGA,Extracelullar,174,22762,158,-209,-19,1028,25,16,27,12,11,10
TIM3_HUMAN,Extracelullar,211,27897,167,-212,-24,1298,23,14,28,7,14,14
SODE_RAT,Extracelullar,244,31024,234,-313,-29,1467,26,6,26,11,14,15
KNH_RAT,Extracelullar,639,82338,555,-949,-82,3862,22,7,27,11,17,14
LP2_BOMMO,Extracelullar,264,34735,268,-346,-18,1580,28,13,28,13,12,9
CAS2_PIG,Extracelullar,235,31751,206,-374,-17,1404,22,11,33,17,15,5
CASK_CAVPO,Extracelullar,234,29762,250,-265,-39,1361,30,8,30,12,7,12
ANT3_HUMAN,Extracelullar,464,60876,525,-627,-42,2802,28,9,26,13,14,9
AMYP_MOUSE,Extracelullar,508,66479,471,-669,-51,3064,25,12,26,13,13,13
MIG_HUMAN,Extracelullar,125,16234,142,-205,-10,832,28,2,30,6,25,10
PPT_BOVIN,Extracelullar,306,39593,364,-348,-35,1838,31,9,25,10,12,13
ACH1_LONAC,Extracelullar,213,26263,223,-215,-20,1291,31,8,35,9,8,15
TRYB_DROME,Extracelullar,253,30211,277,-200,-22,1520,32,8,36,6,7,15
PSPB_RAT,Extracelullar,376,48291,482,-370,-58,2256,36,5,26,6,11,13
CAS1_MOUSE,Extracelullar,313,41178,321,-444,-29,1854,29,8,40,10,9,6
CTRL_HALRU,Extracelullar,254,31774,218,-236,-22,1515,26,9,41,9,7,13
CFHD_HUMAN,Extracelullar,331,43367,242,-372,-47,1992,20,12,33,13,12,15
ALBU_CHICK,Extracelullar,615,80890,618,-795,-51,3663,26,9,28,11,14,8
HEMO_HYACE,Extracelullar,413,53199,386,-560,-54,2516,26,9,24,11,15,14
CFH1_HUMAN,Extracelullar,330,43541,239,-392,-48,1994,18,11,34,13,12,14
TRYU_DROME,Extracelullar,262,32811,287,-259,-29,1555,33,9,26,8,8,14
HP20_TAMAS,Extracelullar,196,24902,195,-212,-43,1184,24,9,23,11,12,21
FGF6_HUMAN,Extracelullar,208,26604,242,-226,-22,1300,31,10,25,9,13,15
TRYP_FUSOX,Extracelullar,248,28995,269,-192,-33,1489,33,6,33,6,6,19
AEP_YARLI,Extracelullar,454,55008,523,-493,-51,2693,34,7,27,7,9,14
AMEX_HUMAN,Extracelullar,191,24998,146,-176,-82,1167,21,8,27,4,10,30
VTDB_HUMAN,Extracelullar,474,61417,457,-592,-47,2818,26,8,29,13,14,8
PEDF_HUMAN,Extracelullar,418,53782,500,-527,-56,2521,31,7,24,9,13,12
FBL2_MOUSE,Extracelullar,1221,153631,990,-1275,-192,7080,24,6,31,12,9,16
GLB_ASCSU,Extracelullar,338,46668,283,-588,-19,2055,22,11,20,15,23,6
CASK_CERNI,Extracelullar,190,24755,212,-227,-32,1147,31,10,29,9,10,12
APE_BOVIN,Extracelullar,316,41609,318,-505,-28,1928,31,5,24,13,15,10
PRTZ_BOVIN,Extracelullar,396,50174,350,-440,-68,2404,26,7,23,9,13,19
BOMA_HUMAN,Extracelullar,397,52479,427,-562,-27,2370,27,11,29,14,13,7
HIG_DROME,Extracelullar,958,124133,774,-1381,-151,5898,23,6,25,11,17,16
SVS4_RAT,Extracelullar,112,14031,89,-158,-9,687,21,6,31,12,16,13
VTNC_HUMAN,Extracelullar,478,62831,364,-647,-74,2880,21,12,24,10,14,15
ALB1_SALSA,Extracelullar,608,78000,633,-724,-48,3606,29,6,27,8,15,8
CAS1_CAPHI,Extracelullar,214,28096,205,-289,-34,1278,27,9,26,14,12,13
A1AT_CYPCA,Extracelullar,372,48530,385,-480,-32,2232,26,8,29,9,14,9
PAC6_MOUSE,Extracelullar,915,117828,676,-1078,-92,5500,21,9,31,10,14,13
NUP1_PENCI,Extracelullar,270,34037,255,-307,-21,1566,31,10,28,10,9,11
CTR2_VESCR,Extracelullar,218,27556,261,-254,-26,1337,32,8,27,9,12,15
CAS1_MACEU,Extracelullar,237,32339,235,-367,-26,1442,27,11,23,16,16,8
APL3_LOCMI,Extracelullar,179,22296,206,-267,-14,1062,39,2,33,16,10,7
CASK_MOUSE,Extracelullar,181,23279,196,-182,-39,1074,30,9,34,13,6,14
LAMP_PETMA,Extracelullar,139,15726,194,-55,-28,857,46,7,8,0,9,30
AACT_HUMAN,Extracelullar,423,55192,532,-545,-32,2517,32,9,26,11,12,8
PHO2_YARLI,Extracelullar,358,44429,358,-396,-47,2115,28,11,28,11,9,15
SXA2_SCHPO,Extracelullar,507,65659,524,-594,-47,2960,27,12,32,13,8,10
APAR_PIG,Extracelullar,202,26316,210,-238,-30,1215,28,6,22,11,15,14
GUN_ASPAC,Extracelullar,237,29780,207,-251,-20,1392,27,14,35,8,6,13
A1BG_HUMAN,Extracelullar,474,60396,501,-576,-82,2868,29,7,22,11,13,17
LP3_BOMMO,Extracelullar,254,33763,269,-336,-18,1532,30,13,23,13,13,9
CAS3_MOUSE,Extracelullar,184,24371,165,-271,-18,1093,22,11,39,11,12,7
YGP1_YEAST,Extracelullar,354,43696,444,-388,-34,2093,34,8,33,11,7,10
MIP_TRYCR,Extracelullar,196,25621,191,-276,-22,1206,26,9,19,11,17,14
PERL_BOVIN,Extracelullar,712,93348,746,-954,-87,4360,28,9,26,11,14,12
ESP4_LACVV,Extracelullar,172,22518,175,-192,-22,1021,27,10,23,9,13,12
HPT1_HUMAN,Extracelullar,347,44636,357,-439,-38,2080,30,9,24,11,13,12
GRP2_RAT,Extracelullar,246,30910,137,-448,-54,1359,19,1,36,22,5,17
MASP_HUMAN,Extracelullar,375,48822,439,-522,-31,2232,27,8,29,14,14,9
GDN_HUMAN,Extracelullar,398,51097,524,-473,-44,2436,33,8,27,10,13,11
TRYA_MANSE,Extracelullar,256,32202,281,-295,-25,1583,32,9,30,11,11,14
INU1_KLUMA,Extracelullar,555,72117,504,-703,-60,3237,23,15,30,12,9,12
AMEX_BOVIN,Extracelullar,213,27907,175,-209,-88,1299,22,7,29,4,9,29
TENA_CHICK,Extracelullar,1808,231164,1560,-2327,-217,10659,23,7,29,13,12,15
PSPD_RAT,Extracelullar,374,44233,278,-420,-95,2278,23,4,21,11,11,31
I12B_BOVIN,Extracelullar,327,42876,308,-429,-28,1959,26,10,27,10,14,9
ZA2G_HUMAN,Extracelullar,295,39126,269,-409,-39,1768,26,12,23,11,13,13
CASB_MACEU,Extracelullar,302,41258,350,-453,-50,1866,28,8,21,16,18,11
NKG5_HUMAN,Extracelullar,145,18947,142,-185,-15,912,29,6,29,7,16,11
XYL1_COCCA,Extracelullar,221,27662,142,-246,-22,1326,21,13,38,10,8,16
SODE_ONCVO,Extracelullar,201,24481,235,-213,-20,1219,31,7,26,9,12,18
CETP_HUMAN,Extracelullar,493,63563,664,-559,-37,2925,33,9,29,8,11,9
SSP1_BOMMO,Extracelullar,747,100567,703,-813,-59,4503,24,11,30,9,14,8
ARY1_CALVI,Extracelullar,759,105881,690,-975,-53,4503,20,23,20,11,14,8
IML2_DROME,Extracelullar,263,34104,288,-373,-28,1589,31,5,25,13,15,10
SAP_RAT,Extracelullar,554,71007,649,-610,-70,3274,33,5,29,12,11,11
PHLD_BOVIN,Extracelullar,839,107581,870,-937,-94,5026,27,12,26,8,11,14
CUT1_CAEEL,Extracelullar,423,52695,472,-467,-56,2516,32,7,27,9,10,14
CASB_BOVIN,Extracelullar,224,29092,276,-258,-58,1341,30,6,26,11,9,18
HPT2_HUMAN,Extracelullar,406,52444,392,-530,-46,2437,28,9,23,11,14,13
CUDP_METAN,Extracelullar,388,47252,397,-419,-41,2340,31,7,27,7,11,15
TRYT_DROME,Extracelullar,262,33008,283,-269,-24,1548,31,9,25,11,10,14
BAR1_YEAST,Extracelullar,587,74207,571,-668,-60,3408,25,10,36,12,8,11
A1AT_BOMMO,Extracelullar,392,50487,483,-541,-27,2337,33,9,27,14,12,7
PHOA_PENCH,Extracelullar,412,52975,391,-489,-49,2425,27,12,29,10,10,12
IGUP_HUMAN,Extracelullar,249,33154,271,-415,-27,1514,29,6,19,16,18,10
SAX_RANCA,Extracelullar,844,108157,769,-1059,-86,5092,25,8,29,11,14,12
GLBH_TRICO,Extracelullar,173,23062,187,-270,-10,1058,29,13,17,9,19,7
GSHU_BRUMA,Extracelullar,223,29849,246,-306,-30,1364,28,11,24,14,15,13
I12B_MOUSE,Extracelullar,335,44204,287,-452,-31,2009,22,10,32,12,14,9
ENAM_BOVIN,Extracelullar,389,50798,351,-640,-35,2329,27,4,28,14,16,9
KNH_HUMAN,Extracelullar,644,83439,513,-957,-81,3882,20,7,30,11,16,13
UFBP_PIG,Extracelullar,417,55192,571,-598,-27,2583,34,7,24,11,18,6
BTD_HUMAN,Extracelullar,523,68242,596,-573,-59,3098,29,12,24,11,11,12
APL3_MANSE,Extracelullar,189,24154,195,-323,-7,1146,31,5,27,,,
AATM_BOVIN,Mitochondrion,430,55181,462,-521,-46,2647,30,10,24,9,15,13
ODO1_YEAST,Mitochondrion,1014,132521,1025,-1445,-110,6162,26,10,24,11,15,12
ATPO_RAT,Mitochondrion,213,27186,274,-266,-20,1342,34,5,27,8,15,10
PT54_YEAST,Mitochondrion,293,39854,296,-472,-16,1797,25,13,27,14,17,5
DLD1_YEAST,Mitochondrion,576,74318,612,-783,-56,3493,28,7,26,11,15,11
ODBB_BOVIN,Mitochondrion,392,49968,477,-408,-51,2351,33,11,21,8,11,14
HS60_SCHPO,Mitochondrion,582,72554,757,-756,-59,3525,35,4,21,11,13,13
SYFM_YEAST,Mitochondrion,474,63850,495,-720,-40,2895,26,9,26,13,17,8
ACDB_HUMAN,Mitochondrion,432,55189,486,-520,-38,2603,31,9,25,11,12,12
ACP_YEAST,Mitochondrion,125,16159,154,-181,-8,739,32,6,29,11,12,6
PCCB_RAT,Mitochondrion,541,68279,678,-624,-59,3288,33,8,22,9,13,13
RM27_YEAST,Mitochondrion,146,19083,119,-207,-21,945,21,11,25,10,20,17
MS16_YEAST,Mitochondrion,664,88116,730,-1099,-47,4093,27,8,25,15,18,7
PUT1_DROME,Mitochondrion,669,87902,670,-944,-59,4116,27,8,26,11,16,10
IDH1_YEAST,Mitochondrion,360,45741,429,-489,-34,2209,32,6,24,11,15,13
ODPB_HUMAN,Mitochondrion,359,45618,435,-395,-47,2173,33,8,21,11,12,14
MPP1_NEUCR,Mitochondrion,577,73324,589,-737,-65,3504,29,6,28,11,13,13
ODP2_NEUCR,Mitochondrion,458,56790,540,-578,-68,2785,34,5,21,11,13,15
GLN1_DROME,Mitochondrion,399,51715,381,-552,-49,2441,28,9,22,11,14,14
ILV5_YEAST,Mitochondrion,395,51410,384,-537,-39,2430,28,11,23,11,15,13
ISP1_TRYBB,Mitochondrion,145,19700,217,-33,-9,857,30,23,26,2,9,8
CPN1_HUMAN,Mitochondrion,503,66498,612,-614,-61,3115,33,9,23,10,14,11
CPM1_RAT,Mitochondrion,526,69966,581,-686,-62,3232,27,12,25,10,14,12
IDH3_BOVIN,Mitochondrion,366,46192,425,-421,-40,2214,32,6,24,11,13,14
THIM_RAT,Mitochondrion,397,48951,456,-443,-45,2408,33,6,25,8,12,15
CAH5_MOUSE,Mitochondrion,299,39398,266,-395,-42,1841,25,10,24,8,16,14
CP27_HUMAN,Mitochondrion,531,69705,608,-648,-70,3274,31,10,21,8,14,13
RT12_PARTE,Mitochondrion,139,18270,139,-227,-19,974,26,4,21,6,30,14
ODPA_HUMAN,Mitochondrion,390,50248,382,-476,-38,2390,28,8,23,11,15,13
HS71_LEIMA,Mitochondrion,634,79647,721,-867,-54,3816,32,5,24,12,13,12
MRS2_YEAST,Mitochondrion,470,62628,554,-664,-26,2882,29,10,32,13,15,5
RM03_RAT,Mitochondrion,347,44437,325,-456,-54,2163,26,8,23,8,16,18
HEM1_CHICK,Mitochondrion,635,81280,663,-804,-70,3901,29,6,26,9,16,12
RM16_YEAST,Mitochondrion,232,30645,229,-353,-26,1511,25,9,22,11,22,14
RT12_ACACA,Mitochondrion,127,16928,106,-199,-16,867,23,9,23,7,28,13
KAD2_YEAST,Mitochondrion,225,29197,253,-321,-27,1385,31,7,23,9,15,12
ATPT_YEAST,Mitochondrion,325,42344,399,-469,-25,1984,32,6,28,12,14,8
ODO2_HUMAN,Mitochondrion,453,56768,540,-539,-73,2790,33,5,22,10,13,15
HEMZ_MOUSE,Mitochondrion,420,54618,425,-533,-58,2601,29,7,26,10,15,13
MGM1_YEAST,Mitochondrion,843,109939,951,-1269,-56,5096,29,6,27,13,16,7
RF1M_YEAST,Mitochondrion,413,54133,420,-641,-36,2549,27,7,25,13,17,9
PT11_YEAST,Mitochondrion,718,97197,831,-1022,-28,4400,28,12,29,11,16,4
AR56_SCHPO,Mitochondrion,885,113561,1033,-1212,-90,5428,32,8,25,11,14,11
RM41_YEAST,Mitochondrion,263,35247,255,-411,-34,1650,25,9,22,13,19,12
RM02_ACACA,Mitochondrion,253,33029,281,-333,-29,1657,28,10,22,9,20,15
RM49_YEAST,Mitochondrion,137,18450,156,-213,-15,857,27,7,26,12,20,9
SODM_YEAST,Mitochondrion,233,29921,246,-313,-22,1410,30,11,24,11,13,12
SSBS_XENLA,Mitochondrion,146,19334,167,-232,-10,914,29,8,25,10,18,9
IDHP_BOVIN,Mitochondrion,452,58884,463,-613,-45,2782,27,10,23,8,16,12
OTC_HUMAN,Mitochondrion,354,46209,392,-461,-31,2159,30,8,27,10,14,10
RTPT_YEAST,Mitochondrion,318,41663,329,-548,-22,1993,26,6,29,17,19,8
ADH3_YEAST,Mitochondrion,375,47055,445,-432,-41,2288,33,8,21,9,14,15
MAOM_HUMAN,Mitochondrion,584,75862,676,-716,-69,3553,31,9,23,10,13,13
EFTU_YEAST,Mitochondrion,437,55765,504,-566,-46,2663,31,5,23,11,15,13
MSS1_YEAST,Mitochondrion,526,67820,669,-736,-34,3182,31,7,28,10,14,8
RT19_ACACA,Mitochondrion,78,10355,78,-119,-3,533,22,9,27,8,29,9
C1TM_YEAST,Mitochondrion,975,123627,1190,-1264,-112,5977,33,6,22,10,15,13
ETFB_HUMAN,Mitochondrion,255,32383,344,-355,-28,1573,38,2,17,10,16,12
ODPX_YEAST,Mitochondrion,410,52672,455,-595,-43,2458,30,7,25,12,14,9
ILV3_YEAST,Mitochondrion,585,73301,589,-660,-74,3548,28,7,26,10,13,16
MTDC_DROME,Mitochondrion,357,45122,425,-451,-46,2195,33,3,24,9,15,13
DLDH_HUMAN,Mitochondrion,509,63232,611,-594,-50,3089,33,6,23,10,13,15
ACDM_HUMAN,Mitochondrion,421,54095,430,-542,-40,2575,29,9,22,11,14,13
IATP_PICJA,Mitochondrion,62,8168,48,-135,-1,376,24,3,21,13,23,5
HSP7_YEAST,Mitochondrion,811,105762,987,-1269,-65,4997,33,5,21,12,18,9
THIL_RAT,Mitochondrion,424,52257,527,-455,-48,2593,37,5,22,9,13,14
STF1_YEAST,Mitochondrion,86,11581,76,-166,-8,554,24,6,23,19,23,10
RM02_PARTE,Mitochondrion,259,34410,255,-336,-30,1694,25,14,25,9,20,13
ETFB_YEAST,Mitochondrion,261,33405,350,-383,-26,1597,35,3,22,13,16,10
ODO2_YEAST,Mitochondrion,463,58689,496,-642,-52,2839,30,5,26,13,15,11
RT02_YEAST,Mitochondrion,115,15574,134,-181,-12,757,27,10,24,13,22,10
HMGL_HUMAN,Mitochondrion,325,40182,404,-319,-34,1974,35,6,27,9,11,14
GCST_BOVIN,Mitochondrion,397,49947,466,-436,-46,2428,34,5,25,7,13,13
SODM_ONCVO,Mitochondrion,223,28988,249,-278,-20,1362,33,9,22,12,15,11
GLYM_RABIT,Mitochondrion,475,61111,517,-628,-54,2920,31,8,21,9,15,13
CISY_PIG,Mitochondrion,464,59904,507,-541,-49,2826,32,9,24,9,13,12
CAH5_HUMAN,Mitochondrion,305,40183,282,-368,-40,1854,27,12,28,10,12,13
RM11_ACACA,Mitochondrion,339,45231,549,-429,-14,2116,35,14,29,14,14,4
RT08_YEAST,Mitochondrion,219,28993,262,-388,-14,1283,28,7,20,15,16,7
ECHA_HUMAN,Mitochondrion,763,96579,933,-940,-80,4695,32,7,22,8,15,13
RT14_PARTE,Mitochondrion,102,14077,104,-189,-1,685,26,8,30,14,27,2
GCSH_BOVIN,Mitochondrion,173,21866,189,-207,-20,1037,32,7,22,16,12,13
ADRO_BOVIN,Mitochondrion,498,63891,562,-619,-80,3073,31,7,20,7,14,16
HEM1_RAT,Mitochondrion,642,82585,662,-803,-81,3957,28,7,27,9,15,12
ATPU_YEAST,Mitochondrion,580,77867,675,-842,-38,3630,29,10,24,9,19,7
RM14_PARTE,Mitochondrion,119,15750,139,-174,-10,808,26,10,20,5,27,12
ODPB_SCHPO,Mitochondrion,366,46148,453,-414,-42,2213,35,8,22,10,12,12
RM16_ACACA,Mitochondrion,141,18893,164,-208,-12,939,28,11,21,9,25,9
OTC_ASPNG,Mitochondrion,370,46521,423,-443,-47,2272,32,6,22,9,15,14
ODPA_ASCSU,Mitochondrion,396,50831,365,-466,-33,2403,28,10,26,9,14,12
MTF1_YEAST,Mitochondrion,340,45502,365,-431,-39,2041,26,13,23,9,14,11
SYYM_YEAST,Mitochondrion,492,64062,581,-670,-39,3013,30,9,27,10,14,10
PUT2_YEAST,Mitochondrion,575,74694,604,-738,-64,3459,28,12,24,11,13,12
CBS1_YEAST,Mitochondrion,233,31204,290,-348,-14,1458,30,7,31,16,17,6
SYYM_NEUCR,Mitochondrion,669,87360,615,-949,-68,4136,26,8,26,10,16,13
ACDS_MOUSE,Mitochondrion,412,52293,454,-490,-38,2525,34,7,25,10,13,12
RMS5_NEUCR,Mitochondrion,426,57574,558,-665,-24,2757,33,11,24,15,20,5
MPP2_NEUCR,Mitochondrion,476,61047,534,-669,-34,2864,32,7,25,11,14,9
NUCG_BOVIN,Mitochondrion,299,37589,330,-342,-43,1849,35,8,19,8,13,16
PCCA_HUMAN,Mitochondrion,702,89624,826,-887,-62,4253,32,7,24,11,14,11
MPP2_RAT,Mitochondrion,489,63040,541,-604,-44,2965,32,7,26,12,13,11
SYKM_YEAST,Mitochondrion,576,76402,650,-827,-54,3524,27,9,27,12,15,10
GLYM_YEAST,Mitochondrion,490,62401,509,-603,-57,2995,29,8,25,9,14,14
BDH_RAT,Mitochondrion,344,44477,344,-406,-34,2115,28,10,26,9,15,11
BCS1_YEAST,Mitochondrion,456,59347,478,-602,-46,2778,27,9,27,10,14,12
RT11_ACACA,Mitochondrion,173,23174,204,-282,-10,1209,28,10,25,6,29,6
RM33_YEAST,Mitochondrion,98,12615,124,-150,-9,635,32,5,22,11,21,11
EFTS_BOVIN,Mitochondrion,338,42626,374,-396,-38,2050,31,6,25,9,13,15
GPDM_HUMAN,Mitochondrion,727,93790,818,-930,-66,4422,32,8,23,9,14,11
SYDM_YEAST,Mitochondrion,658,87200,719,-963,-67,4030,27,10,24,13,16,10
RPOM_YEAST,Mitochondrion,1351,177206,1509,-1991,-128,8268,29,8,26,12,16,9
RT17_YEAST,Mitochondrion,131,17343,175,-196,-8,831,34,5,22,8,20,7
RM02_KLULA,Mitochondrion,364,49205,367,-637,-33,2315,26,9,21,13,21,9
RPOM_NEUCR,Mitochondrion,1422,185161,1500,-2062,-159,8616,29,7,26,11,14,11
BCKD_RAT,Mitochondrion,412,53735,477,-542,-45,2550,30,8,22,6,17,12
RPM2_YEAST,Mitochondrion,1202,160807,1393,-1737,-91,7167,27,12,30,15,13,7
RT24_NEUCR,Mitochondrion,107,14012,112,-157,-15,694,31,8,19,5,21,13
ACDL_HUMAN,Mitochondrion,430,55337,477,-547,-38,2627,31,8,21,11,16,12
IATP_RAT,Mitochondrion,107,14142,85,-200,-4,688,23,6,18,13,27,9
THTR_BOVIN,Mitochondrion,296,38437,295,-367,-39,1809,27,11,19,10,15,15
RM44_YEAST,Mitochondrion,98,13209,106,-152,-9,615,27,8,27,12,20,7
RM38_YEAST,Mitochondrion,138,17353,167,-176,-11,879,32,2,30,8,18,11
IATP_YEAST,Mitochondrion,85,11371,71,-163,-5,548,21,6,26,12,24,8
RM20_YEAST,Mitochondrion,195,25858,153,-289,-22,1263,22,9,29,8,21,12
LONM_HUMAN,Mitochondrion,962,123643,1096,-1313,-108,5866,31,6,19,12,16,13
GPDM_YEAST,Mitochondrion,649,83970,716,-813,-67,3934,30,9,26,10,13,11
CH10_HUMAN,Mitochondrion,101,12588,131,-128,-12,620,33,8,14,5,15,18
ACP_NEUCR,Mitochondrion,134,16835,187,-176,-12,800,40,7,18,9,13,8
RT12_DROME,Mitochondrion,140,18016,160,-191,-19,921,31,4,25,6,21,14
GLSL_RAT,Mitochondrion,535,68774,617,-624,-48,3210,30,9,26,10,13,11
RM32_YEAST,Mitochondrion,183,24688,160,-315,-19,1187,23,7,24,9,25,11
RT03_ACACA,Mitochondrion,298,41363,396,-411,-5,1952,29,18,25,8,21,3
RMAR_YEAST,Mitochondrion,396,53937,346,-644,-15,2407,23,9,49,32,12,4
MTF1_HUMAN,Mitochondrion,246,33473,197,-405,-21,1577,23,10,24,12,22,8
RM05_ACACA,Mitochondrion,177,24906,212,-252,-5,1137,24,20,33,15,18,2
LONM_YEAST,Mitochondrion,1133,147344,1168,-1762,-108,6818,28,6,24,13,16,10
SYMM_YEAST,Mitochondrion,575,77004,611,-833,-56,3519,26,11,26,12,16,10
RM13_YEAST,Mitochondrion,275,36422,242,-456,-23,1706,24,8,29,12,19,8
SYLM_SACDO,Mitochondrion,894,118150,949,-1232,-104,5485,27,10,24,11,16,11
CH10_YEAST,Mitochondrion,106,13249,153,-142,-11,647,39,4,21,9,13,12
HCDH_PIG,Mitochondrion,307,38750,374,-398,-26,1872,33,7,23,9,15,10
RM06_ACACA,Mitochondrion,181,24986,233,-271,-5,1163,25,17,25,14,21,5
GCSP_HUMAN,Mitochondrion,1020,130926,1055,-1244,-122,6204,29,7,25,10,14,14
NUDM_BOVIN,Mitochondrion,343,45375,359,-475,-36,2078,29,11,21,11,15,11
RM31_YEAST,Mitochondrion,131,17842,109,-213,-16,885,21,11,24,5,27,11
RMAR_WILMR,Mitochondrion,380,51147,371,-587,-15,2383,25,11,36,21,17,6
RT01_YEAST,Mitochondrion,321,42460,306,-471,-26,1969,26,10,29,14,15,9
ALLA_RANCA,Mitochondrion,484,61889,608,-506,-59,2955,33,8,26,7,13,13
HEM6_HUMAN,Mitochondrion,354,46611,323,-488,-44,2167,23,10,22,10,17,14
PUT1_YEAST,Mitochondrion,476,61760,571,-626,-51,2895,31,8,28,13,13,11
RM14_ACACA,Mitochondrion,129,16348,203,-156,-7,839,38,5,27,8,18,9
DHE3_BOVIN,Mitochondrion,501,64498,537,-662,-52,3065,28,9,22,10,15,14
MDJ1_YEAST,Mitochondrion,511,64678,462,-708,-61,3163,23,8,26,8,17,16
MS51_YEAST,Mitochondrion,436,58670,397,-589,-60,2682,22,14,25,10,16,12
RT02_ACACA,Mitochondrion,312,42761,462,-377,-20,1958,30,20,26,13,15,6
MMSA_BOVIN,Mitochondrion,537,67644,623,-607,-65,3251,32,7,27,10,12,14
NUEM_NEUCR,Mitochondrion,375,49707,400,-554,-37,2305,28,10,22,12,17,10
RM09_YEAST,Mitochondrion,269,34579,273,-361,-33,1724,25,8,26,9,20,15
RM24_YEAST,Mitochondrion,258,34640,253,-421,-28,1682,24,10,20,11,23,12
IF2M_BOVIN,Mitochondrion,727,94738,829,-1083,-58,4478,32,5,20,11,18,9
MUTA_HUMAN,Mitochondrion,750,96488,846,-981,-81,4556,31,7,23,11,14,13
RT31_YEAST,Mitochondrion,123,15869,138,-144,-20,773,29,8,24,12,17,14
RMS5_EMENI,Mitochondrion,410,56106,435,-687,-15,2692,28,13,27,14,22,5
GLSK_RAT,Mitochondrion,674,86053,696,-821,-88,4096,27,8,25,9,14,15
RIM1_YEAST,Mitochondrion,135,17781,124,-216,-6,819,24,11,30,16,15,7
CBP4_YEAST,Mitochondrion,170,23298,157,-289,-14,1063,25,10,25,12,18,8
RM08_YEAST,Mitochondrion,238,31180,269,-354,-22,1502,32,5,27,11,18,8
SYTM_YEAST,Mitochondrion,462,62328,468,-686,-46,2821,24,12,25,13,16,10
PIF1_YEAST,Mitochondrion,857,112777,904,-1356,-85,5274,26,7,26,13,18,10
PMIP_RAT,Mitochondrion,710,93343,753,-859,-79,4288,29,10,24,10,14,12
GCST_YEAST,Mitochondrion,400,51614,444,-530,-42,2445,30,9,24,11,15,13
EFG1_YEAST,Mitochondrion,761,98074,846,-1026,-74,4605,28,7,26,11,14,11
GABT_HUMAN,Mitochondrion,500,65474,557,-638,-55,3041,28,10,24,10,15,12
CYC_HUMAN,Mitochondrion,104,13458,83,-152,-12,664,22,9,20,13,22,16
SSB_RAT,Mitochondrion,151,20135,167,-234,-12,942,28,9,26,11,16,10
HEM1_EMENI,Mitochondrion,648,80613,675,-761,-85,3976,32,6,25,8,14,15
SYEM_YEAST,Mitochondrion,536,71128,572,-757,-53,3323,27,9,24,11,18,10
CISY_YEAST,Mitochondrion,479,61903,535,-640,-51,2933,31,9,20,11,15,12
ECHM_HUMAN,Mitochondrion,290,36446,346,-338,-29,1758,34,7,22,11,13,13
RCA1_YEAST,Mitochondrion,825,107988,882,-1289,-85,5043,28,8,21,15,17,11
NUEM_BOVIN,Mitochondrion,380,49621,473,-487,-55,2378,31,10,17,8,17,14
ODPA_YEAST,Mitochondrion,420,53832,399,-494,-44,2560,28,10,24,9,14,14
RT04_ACACA,Mitochondrion,374,51831,501,-536,-14,2471,29,19,22,10,22,4
IF2M_YEAST,Mitochondrion,676,87745,875,-994,-59,4145,33,5,24,14,16,10
MPP1_RAT,Mitochondrion,524,67954,565,-626,-59,3224,30,8,23,9,15,13
ILV5_NEUCR,Mitochondrion,400,51640,405,-565,-39,2459,29,9,21,11,16,13
GCST_HUMAN,Mitochondrion,403,51131,470,-453,-48,2481,33,5,25,7,14,14
EFG2_YEAST,Mitochondrion,819,105903,941,-1133,-78,4919,29,7,29,14,12,10
RM25_YEAST,Mitochondrion,156,21224,140,-259,-20,1027,22,12,20,12,26,10
ILVB_YEAST,Mitochondrion,687,87199,759,-869,-92,4189,30,7,25,10,13,14
AATM_YEAST,Mitochondrion,451,59732,474,-598,-46,2746,27,12,28,12,14,11
RT07_ACACA,Mitochondrion,337,47610,386,-548,-10,2354,24,19,18,6,31,5
PYC_MOUSE,Mitochondrion,1178,150722,1388,-1479,-145,7153,32,7,21,10,14,14
STF2_YEAST,Mitochondrion,83,10949,40,-167,-12,513,11,8,24,18,22,18
ODP2_YEAST,Mitochondrion,482,60417,539,-629,-56,2923,32,5,28,11,12,11
SYLM_NEUCR,Mitochondrion,994,127603,1023,-1270,-126,6034,29,8,22,10,14,13
ARGD_YEAST,Mitochondrion,423,54224,494,-575,-37,2570,31,8,23,13,15,11
HS77_YEAST,Mitochondrion,654,82302,783,-968,-56,3936,32,5,26,14,13,11
RMAR_HANWI,Mitochondrion,386,52772,222,-551,-10,2400,16,9,51,24,16,4
NCA3_YEAST,Mitochondrion,337,41422,262,-374,-35,1922,24,9,34,9,7,14
ODBA_BOVIN,Mitochondrion,455,59792,423,-626,-50,2799,27,11,23,9,16,13
LIP5_YEAST,Mitochondrion,414,53628,393,-593,-41,2598,26,6,27,11,18,12
CARA_NEUCR,Mitochondrion,453,57010,493,-518,-66,2733,29,8,28,10,11,15
PPCM_CHICK,Mitochondrion,640,82392,608,-716,-116,3934,26,9,21,8,14,19
DHA1_YEAST,Mitochondrion,533,69015,642,-676,-48,3253,32,8,28,12,14,9
PDP_BOVIN,Mitochondrion,538,70781,550,-727,-61,3248,28,10,25,12,14,11
RM06_YEAST,Mitochondrion,214,27695,267,-309,-24,1349,30,6,24,10,18,13
SYRM_YEAST,Mitochondrion,643,85135,737,-890,-50,3957,29,10,27,10,15,9
EFTU_BOVIN,Mitochondrion,452,57459,541,-566,-60,2773,33,5,19,10,15,15
ADX_PIG,Mitochondrion,117,14900,135,-157,-5,664,30,4,27,13,11,8
NUPM_BOVIN,Mitochondrion,171,22997,154,-256,-24,1059,23,9,20,12,19,12
DHA5_HUMAN,Mitochondrion,517,66440,583,-657,-60,3132,30,9,21,11,13,14
RT13_YEAST,Mitochondrion,324,43140,372,-484,-30,2043,30,10,24,10,18,10
ACON_BOVIN,Mitochondrion,780,99282,844,-1029,-98,4767,30,7,22,10,15,15
GR75_HUMAN,Mitochondrion,679,85900,741,-985,-57,4112,31,5,25,12,14,11
RM02_YEAST,Mitochondrion,371,49837,370,-647,-25,2371,26,9,22,13,23,7
ETFA_HUMAN,Mitochondrion,333,41015,443,-374,-32,2028,38,5,22,7,13,12
RM14_TETPY,Mitochondrion,119,15733,142,-176,-9,802,28,8,27,8,24,9
ATPS_YEAST,Mitochondrion,318,42515,319,-498,-33,1954,25,8,29,13,17,9
IVD_RAT,Mitochondrion,424,53996,491,-506,-42,2576,32,7,23,10,13,13
CH60_PLAFG,Mitochondrion,700,91937,767,-1172,-32,4122,28,6,26,18,15,7
THDH_YEAST,Mitochondrion,576,74108,704,-759,-60,3526,32,8,23,10,15,12
CBS2_YEAST,Mitochondrion,389,51540,471,-558,-34,2408,29,9,28,12,16,8
NAM1_YEAST,Mitochondrion,440,59036,478,-736,-20,2665,29,8,27,19,17,5
CYPM_HUMAN,Mitochondrion,207,25723,212,-231,-28,1284,25,8,27,7,15,18
RT04_YEAST,Mitochondrion,394,51176,402,-593,-43,2403,28,7,29,13,14,11
GRPE_YEAST,Mitochondrion,228,30123,227,-399,-21,1402,24,7,24,14,19,9
SYWM_YEAST,Mitochondrion,379,49770,425,-545,-34,2334,29,8,25,11,17,9
IPY2_YEAST,Mitochondrion,310,41094,326,-467,-33,1879,26,9,25,14,15,11
RT13_ACACA,Mitochondrion,119,16040,136,-209,-5,776,24,9,29,18,24,6
CCPR_YEAST,Mitochondrion,361,46788,308,-499,-41,2166,24,12,24,12,13,13
MDHM_MOUSE,Mitochondrion,338,41621,435,-357,-45,2062,36,5,24,9,12,15
RT14_ACACA,Mitochondrion,99,13794,119,-160,-2,669,28,14,27,13,25,3
HMCM_RAT,Mitochondrion,508,65973,494,-639,-55,3096,27,10,28,10,13,12
SUV3_YEAST,Mitochondrion,737,97431,832,-1024,-67,4527,28,10,25,11,16,9
SYIM_YEAST,Mitochondrion,1002,133631,1076,-1453,-86,6114,28,10,26,12,16,9
ESTR_HUMAN,Nucleus,595,76832,560,-711,-75,3640,28,7,27,10,14,14
H2B1_PARAN,Nucleus,144,18569,108,-243,-17,993,22,5,26,6,27,15
ID1_RAT,Nucleus,164,20311,192,-175,-18,986,36,5,26,11,10,13
RI14_HUMAN,Nucleus,1158,147582,986,-1729,-132,7036,24,4,35,14,15,11
HXB3_HUMAN,Nucleus,431,52035,227,-443,-120,2655,19,7,29,8,12,29
H2AV_TETTH,Nucleus,145,17758,162,-203,-17,964,34,4,14,7,23,19
H1_DROHY,Nucleus,249,30180,216,-376,-32,1699,31,2,25,3,27,10
HAP4_YEAST,Nucleus,554,72298,462,-976,-49,3256,21,7,36,18,14,7
HMLA_DROME,Nucleus,635,79549,398,-846,-106,3829,21,5,41,8,11,17
SOK1_YEAST,Nucleus,901,117168,904,-1335,-106,5497,26,7,35,13,14,10
PCNA_PLAFK,Nucleus,274,35466,354,-412,-12,1593,30,7,25,15,14,6
A33_PLEWA,Nucleus,624,82190,580,-994,-51,3801,25,7,27,15,18,8
HXAA_HUMAN,Nucleus,496,63581,327,-632,-125,3253,21,7,23,7,19,23
HMC1_MOUSE,Nucleus,268,33210,199,-277,-95,1681,25,9,18,5,12,29
KU70_HUMAN,Nucleus,608,80558,642,-925,-61,3697,26,9,22,13,17,10
RPB8_YEAST,Nucleus,146,19103,149,-200,-10,854,29,10,29,12,10,8
UBF1_HUMAN,Nucleus,764,103040,467,-1459,-73,4645,18,7,25,17,21,9
RCC_YEAST,Nucleus,482,61612,481,-649,-54,2888,27,8,23,11,14,14
HXC5_HUMAN,Nucleus,222,28926,140,-307,-37,1395,22,9,29,12,17,14
NUF2_YEAST,Nucleus,451,61013,533,-775,-12,2598,28,7,31,19,12,4
ETS1_HUMAN,Nucleus,441,58271,392,-592,-55,2616,24,11,25,10,13,12
AMT1_CANGA,Nucleus,265,34145,209,-380,-30,1587,20,3,40,17,14,11
FUS_HUMAN,Nucleus,526,62820,79,-680,-104,3201,6,10,33,7,10,34
NOT1_YEAST,Nucleus,2108,277983,2807,-2910,-162,12643,33,9,28,12,12,7
HCGP_MOUSE,Nucleus,308,39436,232,-496,-33,1824,22,6,27,14,15,11
HXA5_HUMAN,Nucleus,270,34169,156,-352,-42,1677,20,9,30,9,16,17
BRC1_DROME,Nucleus,728,90523,543,-1060,-90,4370,22,4,43,13,11,13
NFIA_CHICK,Nucleus,522,66787,431,-655,-114,3209,21,8,29,8,14,18
TF11_DROME,Nucleus,921,115785,947,-1282,-139,5689,29,2,36,10,12,14
CREA_HUMAN,Nucleus,220,28222,195,-334,-24,1344,27,2,30,14,15,10
H2B_TRYCR,Nucleus,112,14359,109,-168,-7,745,29,4,30,11,24,7
HXB4_XENLA,Nucleus,232,30596,133,-351,-34,1477,17,9,34,10,20,13
SPT6_YEAST,Nucleus,1451,194204,1437,-2519,-94,8555,26,9,24,17,15,7
MCM2_YEAST,Nucleus,868,114275,900,-1399,-76,5198,28,6,24,15,15,9
PUT3_YEAST,Nucleus,979,128893,1022,-1414,-67,5762,26,9,33,15,12,7
HEXP_LEIMA,Nucleus,271,33055,53,-314,-40,1666,9,6,31,9,18,24
RPB9_YEAST,Nucleus,122,16450,103,-179,-10,742,17,10,36,13,16,7
PRT2_SEPOF,Nucleus,77,11841,21,-224,-2,670,10,6,16,3,61,4
AEF1_DROME,Nucleus,308,39270,263,-441,-43,1890,26,4,36,10,16,12
T2EA_HUMAN,Nucleus,439,57309,407,-667,-40,2579,27,7,22,15,15,9
STTN_RAT,Nucleus,463,58597,506,-599,-59,2856,30,6,21,10,16,15
HME1_CHICK,Nucleus,333,40453,233,-431,-81,2086,25,4,22,10,15,25
FRA1_HUMAN,Nucleus,271,34240,205,-342,-72,1676,21,5,27,10,14,23
PAX8_MOUSE,Nucleus,457,57005,383,-531,-86,2774,24,7,32,7,12,18
MYC_CHICK,Nucleus,416,53459,370,-604,-70,2503,27,6,25,14,14,13
XPA_DROME,Nucleus,296,39147,224,-480,-29,1806,23,7,23,16,19,10
TF2D_HUMAN,Nucleus,339,43739,337,-461,-52,2076,27,6,38,7,9,14
H101_CHICK,Nucleus,218,25793,188,-331,-39,1544,36,1,12,4,31,16
ELT1_CAEEL,Nucleus,416,52243,280,-487,-54,2512,19,8,44,13,9,15
RGM1_YEAST,Nucleus,211,27636,174,-286,-51,1321,22,8,32,9,16,17
RAN_GIALA,Nucleus,226,29442,263,-318,-25,1359,29,9,23,11,13,12
TC1A_CAEBR,Nucleus,273,36701,225,-408,-37,1756,23,9,26,10,20,13
RAD5_YEAST,Nucleus,1169,154874,1219,-1807,-84,7051,26,8,28,13,15,8
U2AF_SCHPO,Nucleus,517,68155,484,-801,-64,3172,24,9,23,12,16,12
TF3A_YEAST,Nucleus,429,57674,351,-723,-34,2673,20,7,31,14,22,8
SRF_XENLA,Nucleus,448,54110,400,-488,-69,2693,25,4,37,8,8,19
GA15_CRILO,Nucleus,168,21817,103,-290,-20,984,19,4,32,20,13,12
TOP2_DROME,Nucleus,1447,190237,1364,-2319,-130,8844,25,8,23,14,18,11
HMP1_ONCMY,Nucleus,358,45757,320,-448,-47,2209,25,6,32,10,15,13
CTK1_YEAST,Nucleus,528,69919,424,-847,-52,3260,21,9,34,16,16,10
EYA_DROME,Nucleus,766,94338,598,-865,-104,4581,25,8,34,9,10,17
HUNB_DROME,Nucleus,758,96646,528,-1021,-120,4561,22,6,38,10,12,13
ECR_DROME,Nucleus,878,109533,813,-1015,-117,5264,26,5,34,10,10,16
TF2B_YEAST,Nucleus,345,44348,384,-475,-30,2120,30,5,26,12,17,10
EGR4_RAT,Nucleus,478,58198,458,-456,-111,2914,28,8,20,6,12,22
RECQ_HUMAN,Nucleus,659,86588,693,-907,-41,3999,28,8,29,12,15,7
PDM2_DROME,Nucleus,498,64346,406,-711,-70,2997,22,5,39,13,12,12
MSSP_HUMAN,Nucleus,372,47115,295,-483,-61,2259,23,7,35,10,12,15
ETS2_XENLA,Nucleus,472,62312,402,-628,-51,2793,22,11,31,12,12,11
RPC1_YEAST,Nucleus,1460,188377,1668,-1970,-149,8913,30,7,24,11,15,12
UBC2_DROME,Nucleus,151,19888,143,-213,-25,916,24,10,27,13,13,13
MX1_RAT,Nucleus,652,86102,732,-1033,-46,3961,29,6,26,14,17,8
LAM0_DROME,Nucleus,622,82348,569,-1168,-40,3815,26,4,30,17,18,6
PDR4_YEAST,Nucleus,650,84136,506,-1137,-60,3793,19,6,38,18,12,9
PCNA_YEAST,Nucleus,258,33509,350,-340,-18,1488,32,8,24,10,11,8
TC3A_CAEEL,Nucleus,329,44113,334,-527,-26,2108,27,8,26,11,20,8
CDP_HUMAN,Nucleus,1505,191242,1288,-2284,-236,9139,26,4,29,13,13,14
T2FA_YEAST,Nucleus,735,95329,584,-1289,-83,4456,22,5,26,18,17,12
RB_HUMAN,Nucleus,928,122723,993,-1295,-108,5653,27,8,28,13,15,10
DA81_YEAST,Nucleus,970,126494,906,-1462,-100,5823,25,7,39,15,12,9
EGR1_BRARE,Nucleus,511,64258,394,-568,-101,3098,21,7,39,7,11,15
DBP2_YEAST,Nucleus,546,70741,458,-800,-70,3359,23,9,23,11,15,17
KU86_HUMAN,Nucleus,731,95619,858,-1060,-65,4374,28,8,24,11,15,9
RAD3_YEAST,Nucleus,778,103669,872,-1082,-64,4675,29,9,24,13,15,8
HMGY_HUMAN,Nucleus,95,12228,22,-204,-23,638,7,0,26,16,28,22
TOA2_YEAST,Nucleus,122,15621,135,-170,-4,720,30,7,30,10,12,7
BAF1_KLULA,Nucleus,486,63711,505,-767,-43,2912,28,6,27,12,16,8
RUNT_DROME,Nucleus,509,62342,439,-557,-84,3082,30,6,33,8,11,14
RBF1_MOUSE,Nucleus,311,41104,351,-501,-13,1860,28,7,28,16,15,7
B5_USTMA,Nucleus,410,53614,386,-620,-54,2552,24,7,30,11,18,10
ZUO1_YEAST,Nucleus,433,56741,404,-766,-29,2668,27,9,18,13,21,6
HG14_BOVIN,Nucleus,100,12470,53,-208,-14,641,22,0,19,18,26,13
RFA3_HUMAN,Nucleus,121,15713,154,-140,-15,713,30,8,21,10,12,14
CTK3_YEAST,Nucleus,296,40085,275,-475,-16,1772,24,10,32,10,16,4
MBP1_KLULA,Nucleus,754,98461,709,-1167,-81,4582,25,6,32,12,15,10
RPCX_YEAST,Nucleus,70,8949,71,-94,-3,451,31,4,30,6,20,6
SAT1_HUMAN,Nucleus,763,99576,719,-1165,-105,4604,27,5,31,13,13,12
YB1_XENLA,Nucleus,303,40032,134,-597,-53,1892,15,8,25,18,18,18
ROX3_YEAST,Nucleus,220,28756,156,-349,-26,1322,19,9,35,11,13,12
SRE1_HUMAN,Nucleus,1147,142134,1272,-1217,-210,7009,33,5,25,6,11,17
SPT7_YEAST,Nucleus,1332,176406,1218,-2390,-82,7777,23,7,29,18,15,7
HSF_XENLA,Nucleus,451,57517,458,-568,-76,2668,25,6,32,10,11,14
TEF_RAT,Nucleus,261,33894,235,-411,-38,1578,25,6,24,16,16,11
SPIB_HUMAN,Nucleus,262,33484,230,-304,-52,1580,29,10,19,9,12,17
TWST_MOUSE,Nucleus,206,24865,134,-257,-30,1274,21,5,28,7,14,22
EVX1_HUMAN,Nucleus,407,49700,328,-408,-90,2475,26,7,25,8,11,22
RPA9_YEAST,Nucleus,125,15877,116,-153,-9,750,25,7,36,13,13,9
CREB_BOVIN,Nucleus,325,40670,328,-460,-36,1946,31,2,35,11,10,10
ELP_MOUSE,Nucleus,465,59567,395,-530,-104,2871,24,7,24,8,14,21
ST12_KLULA,Nucleus,666,87799,474,-990,-88,3981,19,9,32,14,14,12
PHI1_MYTED,Nucleus,91,11975,24,-215,-11,738,13,0,26,0,51,10
ZFX1_MOUSE,Nucleus,799,104289,747,-1206,-66,4778,25,5,25,12,19,9
HXC4_HUMAN,Nucleus,264,34482,144,-370,-61,1658,19,8,29,10,17,18
PPAS_HUMAN,Nucleus,441,57766,465,-589,-42,2686,28,8,25,12,16,10
GAT2_XENLA,Nucleus,452,57003,288,-509,-90,2832,20,6,32,7,17,18
GLI3_HUMAN,Nucleus,1596,200589,1210,-2046,-296,9743,22,5,33,9,14,17
OC3B_HUMAN,Nucleus,265,34802,284,-356,-34,1640,26,11,26,11,15,13
RPBY_YEAST,Nucleus,120,15742,146,-184,-10,719,32,10,19,16,15,8
HMGA_CHITE,Nucleus,114,15065,50,-227,-9,722,17,6,18,18,27,10
TOP2_TRYCR,Nucleus,1232,160439,1380,-1710,-118,7645,30,8,23,10,17,11
CG2F_HUMAN,Nucleus,786,101660,850,-988,-78,4736,30,7,27,9,13,10
ANDR_MOUSE,Nucleus,899,114247,736,-1069,-155,5427,24,8,29,9,12,17
ETS2_CHICK,Nucleus,479,63083,419,-636,-51,2798,23,11,33,12,10,10
PTP_RAT,Nucleus,555,69258,650,-673,-66,3379,32,6,28,9,12,13
OCT1_XENLA,Nucleus,760,92670,813,-883,-100,4545,32,3,41,9,7,13
MET4_YEAST,Nucleus,634,81580,550,-1138,-57,3753,22,5,36,20,14,9
NUR1_MOUSE,Nucleus,598,77263,552,-711,-102,3628,23,9,31,8,13,15
SLP2_DROME,Nucleus,445,58584,307,-683,-84,2745,19,7,27,13,18,16
SMD2_HUMAN,Nucleus,118,15617,120,-194,-12,755,25,4,29,18,21,10
TCF1_HUMAN,Nucleus,269,35054,186,-377,-54,1692,22,7,28,10,18,17
P53_CERAE,Nucleus,393,50703,287,-521,-78,2396,20,6,29,11,15,17
TF3A_XENLA,Nucleus,344,45874,252,-533,-31,2197,18,9,27,10,26,10
CPC1_NEUCR,Nucleus,270,34036,258,-373,-46,1596,27,5,31,10,10,14
GOLI_DROME,Nucleus,284,37030,303,-348,-36,1742,28,8,32,6,14,11
HNF4_HUMAN,Nucleus,465,60047,498,-580,-59,2825,30,6,27,9,14,12
EGR2_HUMAN,Nucleus,406,50543,289,-415,-109,2524,21,7,29,4,13,23
GABA_HUMAN,Nucleus,454,59391,509,-668,-37,2682,31,6,26,13,12,9
MYB_CHICK,Nucleus,641,83905,548,-975,-92,3911,24,6,27,14,17,13
SC35_CHICK,Nucleus,221,29456,79,-416,-32,1543,11,6,30,5,30,14
HMX1_COTJA,Nucleus,259,32855,228,-327,-46,1620,26,7,27,9,16,15
FTF1_DROME,Nucleus,1043,128869,836,-1345,-134,6209,22,5,39,12,10,16
QA1F_NEUCR,Nucleus,816,103517,817,-990,-136,4912,30,7,27,9,11,14
HN3A_MOUSE,Nucleus,468,57263,294,-438,-94,2834,22,8,34,8,10,21
HMGT_MOUSE,Nucleus,199,26921,162,-350,-17,1277,26,9,19,13,24,8
NOT2_YEAST,Nucleus,191,25757,191,-255,-22,1145,24,13,27,9,13,10
KID1_RAT,Nucleus,576,76528,399,-899,-46,3673,17,8,33,12,23,10
TEA1_YEAST,Nucleus,759,100432,770,-1092,-64,4544,25,10,31,14,12,9
GAL4_YEAST,Nucleus,881,115130,915,-1160,-85,5278,26,9,35,12,11,9
PML3_HUMAN,Nucleus,824,104940,745,-1070,-150,5040,27,4,28,10,14,15
HXD8_MOUSE,Nucleus,289,36559,179,-360,-68,1781,21,10,23,10,15,22
PPOL_CHICK,Nucleus,1011,131655,971,-1506,-100,6225,26,8,23,12,18,11
MK16_YEAST,Nucleus,306,41145,222,-576,-16,1835,22,7,25,19,19,6
HMG1_CHICK,Nucleus,200,26354,109,-376,-24,1232,16,9,17,18,24,13
RA14_YEAST,Nucleus,371,49650,289,-673,-38,2287,21,7,23,16,21,10
USP_DROME,Nucleus,508,64308,479,-633,-59,3095,26,6,28,10,14,15
PHP2_SCHPO,Nucleus,334,40849,239,-442,-50,1993,23,4,37,12,11,16
CUT1_SCHPO,Nucleus,1827,242120,2259,-2346,-96,10995,30,11,30,12,13,6
SIN4_YEAST,Nucleus,974,128683,1098,-1298,-86,5892,28,11,31,12,13,8
ZIC_MOUSE,Nucleus,447,56390,335,-541,-70,2762,21,9,28,9,17,17
TWST_DROME,Nucleus,490,63144,370,-751,-51,2925,23,6,38,10,12,11
FLI1_XENLA,Nucleus,453,59095,297,-607,-69,2730,19,10,34,11,13,14
HSP2_PIG,Nucleus,92,13432,27,-230,-8,700,9,3,24,7,46,10
HXB1_HUMAN,Nucleus,301,37486,163,-344,-74,1824,18,10,30,10,10,23
CF2_DROME,Nucleus,510,65822,388,-722,-82,3110,22,5,35,7,16,14
JUND_MOUSE,Nucleus,341,40985,348,-366,-83,2083,33,4,21,8,11,22
RRB1_CHICK,Nucleus,455,58796,425,-563,-70,2777,24,6,32,10,14,13
OC3A_HUMAN,Nucleus,360,44989,327,-412,-81,2166,23,8,24,11,11,24
UBC2_YEAST,Nucleus,172,22762,143,-263,-26,972,23,9,23,12,12,11
HP1_DROVI,Nucleus,213,27242,144,-353,-20,1271,21,7,28,18,15,12
RPB6_HUMAN,Nucleus,127,16730,126,-201,-14,712,28,6,19,18,10,12
U2AF_HUMAN,Nucleus,475,61972,461,-688,-66,2941,25,7,25,10,16,14
MPI3_HUMAN,Nucleus,473,61747,427,-658,-54,2853,23,7,29,12,15,12
RPC9_YEAST,Nucleus,142,18671,127,-239,-12,800,23,4,28,18,12,8
SP4_HUMAN,Nucleus,784,96028,764,-1050,-103,4680,28,2,43,10,7,14
HSP2_HORSE,Nucleus,62,9506,14,-156,-4,537,10,6,19,0,60,5
EXO2_SCHPO,Nucleus,1328,176301,1410,-1875,-145,8066,26,11,24,12,16,11
SNF5_YEAST,Nucleus,905,118714,788,-1499,-145,5470,23,5,38,10,11,13
RPC5_YEAST,Nucleus,335,43656,388,-483,-38,2007,29,9,23,14,14,10
MTR2_YEAST,Nucleus,184,24054,194,-256,-22,1100,26,9,35,14,10,11
CBFX_HUMAN,Nucleus,324,41699,146,-563,-72,2054,16,7,24,15,18,23
AP1_SCHPO,Nucleus,544,70334,465,-860,-71,3241,22,6,32,15,15,11
HXC6_XENLA,Nucleus,234,30854,149,-361,-20,1433,18,11,35,14,15,12
RU1A_DROME,Nucleus,216,28388,223,-323,-29,1342,25,9,28,14,17,11
CAT8_YEAST,Nucleus,1433,186065,1409,-2139,-136,8695,25,7,35,14,14,9
OCT1_MOUSE,Nucleus,770,93286,800,-898,-108,4584,31,3,42,8,6,13
PAX9_MOUSE,Nucleus,342,42486,336,-368,-69,2115,30,7,25,7,12,19
RPA2_DROME,Nucleus,1129,148570,1147,-1384,-126,6910,26,9,26,10,15,12
FKB2_BOVIN,Nucleus,224,29176,220,-372,-23,1394,26,7,21,13,20,11
T2FB_YEAST,Nucleus,400,53758,330,-751,-27,2451,23,7,25,18,20,8
CYSR_HUMAN,Nucleus,192,23851,125,-210,-23,1188,19,10,26,10,17,19
RRXB_HUMAN,Nucleus,533,66433,470,-601,-128,3289,25,5,22,7,14,23
RRB3_MOUSE,Nucleus,482,61928,452,-579,-78,2956,25,6,31,9,15,14
RFA1_HUMAN,Nucleus,616,79131,639,-822,-60,3709,27,8,29,12,12,11
JUNB_HUMAN,Nucleus,347,42067,283,-391,-72,2145,25,6,23,8,13,24
ENL_HUMAN,Nucleus,559,72057,370,-907,-104,3457,17,5,29,13,19,15
MYBB_CHICK,Nucleus,686,89979,610,-1073,-98,4185,24,6,28,12,16,12
MAT2_YEAST,Nucleus,210,28016,227,-363,-15,1306,27,5,30,17,18,6
RPB1_TRYBB,Nucleus,1766,228074,1832,-2397,-186,10782,29,7,27,11,15,12
MAX_HUMAN,Nucleus,160,21117,110,-315,-10,972,21,4,31,13,19,6
SUV9_DROME,Nucleus,635,83306,636,-940,-54,3904,27,7,28,14,16,9
PAX1_MOUSE,Nucleus,361,44343,340,-367,-85,2233,29,7,23,7,12,23
SET_HUMAN,Nucleus,277,37068,204,-556,-20,1501,18,8,20,24,13,9
ABAA_EMENI,Nucleus,796,103382,583,-1136,-124,4835,22,8,31,9,15,14
MOT1_YEAST,Nucleus,1867,243323,2285,-2602,-153,11245,32,7,26,12,14,8
RAG1_HUMAN,Nucleus,1043,137735,1042,-1485,-102,6480,26,8,25,12,19,9
CST2_HUMAN,Nucleus,577,71258,503,-661,-139,3527,26,2,26,10,11,24
POK_DROME,Nucleus,732,91674,567,-893,-149,4416,24,6,35,9,10,18
STH1_YEAST,Nucleus,1359,181009,1416,-2367,-90,8285,27,7,25,15,18,7
RU1C_HUMAN,Nucleus,159,20217,59,-106,-70,1009,12,6,28,3,14,35
SMC2_YEAST,Nucleus,1170,154817,1273,-1991,-56,7106,28,5,28,17,17,6
RPB1_YEAST,Nucleus,1726,221798,1729,-2231,-241,10338,26,7,28,11,12,14
RPC6_YEAST,Nucleus,317,41782,350,-443,-21,1877,27,10,29,15,12,8
CSE2_YEAST,Nucleus,149,20021,138,-281,-14,897,23,5,34,17,16,7
SRYD_DROME,Nucleus,430,57335,370,-692,-27,2507,21,7,28,16,17,7
SIS2_YEAST,Nucleus,562,72507,488,-923,-68,3274,23,4,31,13,13,11
MEFX_HUMAN,Nucleus,365,45147,282,-388,-115,2289,23,6,23,7,13,28
RPC2_YEAST,Nucleus,1149,149972,1285,-1519,-102,6998,30,7,25,10,15,11
SR55_DROME,Nucleus,349,45871,175,-689,-27,2352,15,5,27,10,28,12
MEF2_HUMAN,Nucleus,507,63858,395,-648,-106,3069,21,5,37,10,10,18
XPB_DROME,Nucleus,802,105019,807,-1132,-79,4895,27,9,24,11,16,11
T2FA_HUMAN,Nucleus,517,67498,324,-959,-62,3185,18,6,25,16,20,12
RPB9_DROME,Nucleus,129,17413,99,-185,-11,775,21,9,31,16,17,7
HSP2_HYLLA,Nucleus,102,14683,36,-238,-5,745,10,4,25,8,43,9
HNFA_MOUSE,Nucleus,628,78448,570,-781,-114,3762,26,4,33,10,10,17
HGV2_HALRO,Nucleus,510,65971,391,-904,-44,2970,23,3,25,19,16,9
REL_CHICK,Nucleus,598,77518,539,-823,-90,3585,24,8,32,12,12,13
HMK2_MOUSE,Nucleus,245,31631,212,-386,-26,1512,27,6,31,13,15,10
HSP2_BOVIN,Nucleus,112,15066,37,-205,-22,797,13,4,24,4,33,21
SNAI_DROME,Nucleus,390,49939,280,-473,-56,2377,21,7,37,8,14,12
GAT1_MOUSE,Nucleus,413,50042,345,-382,-80,2518,26,7,31,7,10,20
RPB3_HUMAN,Nucleus,275,36302,295,-421,-30,1620,28,8,24,14,13,9
PR21_YEAST,Nucleus,280,38037,244,-517,-19,1722,20,10,23,13,21,8
POUC_BRARE,Nucleus,610,74014,765,-662,-82,3640,37,3,34,9,6,14
TSH_DROME,Nucleus,993,123944,776,-1358,-168,6099,24,5,31,12,14,16
THAA_XENLA,Nucleus,418,55123,417,-554,-40,2551,26,7,26,10,17,10
CB31_YEAST,Nucleus,956,128981,907,-1546,-85,5730,22,11,28,14,16,8
PEA3_MOUSE,Nucleus,555,70750,412,-672,-130,3361,21,9,24,8,13,22
ORC2_YEAST,Nucleus,620,82299,587,-989,-63,3829,23,8,31,15,17,9
RRP1_DROME,Nucleus,679,86782,567,-1097,-107,4238,27,5,19,15,19,14
ATF3_HUMAN,Nucleus,181,23792,189,-299,-16,1126,28,3,27,17,19,8
GAT6_CHICK,Nucleus,387,47152,275,-376,-82,2381,25,6,32,8,11,21
SCAL_DROME,Nucleus,440,57504,422,-595,-51,2646,25,9,29,12,13,12
CTK2_YEAST,Nucleus,323,43657,393,-465,-18,1962,30,12,26,14,15,5
MEC3_CAEEL,Nucleus,321,42806,248,-430,-33,1922,20,9,31,13,16,10
NASP_RABIT,Nucleus,680,85667,562,-1156,-65,3818,26,2,25,24,11,12
MNDA_HUMAN,Nucleus,407,53091,405,-641,-40,2569,26,6,29,13,19,9
TEBB_STYMY,Nucleus,392,50195,359,-647,-36,2519,24,8,27,7,22,10
RPB4_YEAST,Nucleus,221,29346,227,-429,-6,1299,27,4,26,19,17,4
UGA3_YEAST,Nucleus,528,70639,646,-736,-31,3169,30,10,26,13,15,6
TFC4_YEAST,Nucleus,1025,138525,1087,-1650,-47,6115,28,11,22,15,16,5
PDR1_YEAST,Nucleus,1063,140170,1121,-1493,-81,6359,25,10,33,15,13,8
SWI3_YEAST,Nucleus,825,107656,702,-1429,-84,4826,22,6,32,20,13,10
CC27_YEAST,Nucleus,758,98966,746,-1042,-59,4570,27,9,37,15,12,7
THB1_HUMAN,Nucleus,461,61007,448,-639,-41,2807,25,8,26,11,18,9
PHO2_YEAST,Nucleus,559,73366,477,-997,-48,3255,21,7,39,18,12,7
ILF_HUMAN,Nucleus,543,67402,558,-676,-109,3354,30,4,29,8,12,17
MYOD_DROME,Nucleus,332,42127,227,-459,-40,2012,21,7,37,12,14,12
CEBD_MOUSE,Nucleus,268,33419,227,-349,-64,1651,26,5,20,9,14,22
HXA4_MOUSE,Nucleus,326,40969,228,-343,-102,2064,23,8,23,8,15,25
ATO_DROME,Nucleus,312,39691,234,-421,-34,1850,23,9,34,13,10,12
TF3B_YEAST,Nucleus,596,77541,616,-975,-34,3628,29,6,25,15,18,7
ATFA_HUMAN,Nucleus,483,60374,450,-602,-106,2963,26,2,31,9,13,18
LEUR_YEAST,Nucleus,886,115970,905,-1246,-75,5309,27,8,32,15,13,8
PHI0_HOLTU,Nucleus,78,10056,61,-157,-8,614,35,0,15,0,44,6
AP2_HUMAN,Nucleus,437,55856,407,-615,-77,2679,26,5,27,11,15,16
STP2_RAT,Nucleus,116,15049,19,-198,-26,830,7,2,36,3,35,19
GCN4_YEAST,Nucleus,281,36315,290,-437,-34,1680,27,6,27,13,14,9
PUR_HUMAN,Nucleus,322,40650,268,-479,-39,1954,23,7,23,12,14,19
RCC_SCHPO,Nucleus,539,67980,525,-763,-62,3240,27,5,26,13,14,14
TBF1_YEAST,Nucleus,562,73062,576,-825,-56,3382,26,8,33,13,13,10
KNRL_DROME,Nucleus,647,79875,480,-879,-110,3853,22,4,32,14,12,18
AFLR_ASPFL,Nucleus,437,54527,401,-490,-70,2652,27,4,32,7,13,15
STP2_HUMAN,Nucleus,138,18089,43,-241,-20,931,9,2,49,6,28,12
MYBB_HUMAN,Nucleus,700,91257,637,-1073,-106,4272,25,5,27,11,16,13
RAD4_YEAST,Nucleus,754,100629,718,-1215,-66,4633,25,8,22,14,19,9
NECD_MOUSE,Nucleus,325,42621,349,-420,-55,2009,31,7,21,11,15,14
MODU_DROME,Nucleus,544,70102,606,-921,-44,3271,28,5,24,16,16,8
BRM_DROME,Nucleus,1638,214393,1383,-2523,-270,10060,24,5,26,11,16,15
HMPR_HUMAN,Nucleus,331,39232,318,-353,-56,2072,32,3,19,7,16,22
HM18_CAEEL,Nucleus,542,69152,555,-782,-57,3214,27,5,32,14,12,11
ROX1_YEAST,Nucleus,368,48397,305,-595,-58,2289,22,6,40,12,15,11
YOX1_YEAST,Nucleus,296,37953,276,-445,-39,1850,25,3,35,10,17,9
CBFA_PETMA,Nucleus,209,26395,189,-269,-20,1204,25,7,31,10,9,12
NASP_HUMAN,Nucleus,787,99246,705,-1309,-76,4437,27,3,23,23,11,12
CSE1_YEAST,Nucleus,960,126444,1357,-1266,-80,5678,34,10,27,14,10,8
ATF4_MOUSE,Nucleus,349,44576,297,-490,-58,2051,23,6,25,11,13,15
PCNA_SCHPO,Nucleus,260,33598,316,-360,-15,1508,32,6,28,12,11,7
CUT3_SCHPO,Nucleus,1324,174238,1423,-2218,-66,7997,27,6,30,17,16,6
SYU1_RAT,Nucleus,140,17001,130,-179,-16,823,29,5,21,14,11,17
SRY_MOUSE,Nucleus,395,56533,186,-954,-22,2431,11,10,43,5,24,5
CHD1_MOUSE,Nucleus,1711,226972,1282,-2977,-149,10500,20,7,27,13,20,10
HXCA_MOUSE,Nucleus,342,44291,213,-490,-56,2098,19,8,31,16,15,15
GCR_CAVPO,Nucleus,771,98625,738,-966,-101,4630,25,7,33,11,12,14
CHA4_YEAST,Nucleus,648,85954,677,-874,-54,3896,27,11,30,14,13,8
RPC1_PLAFA,Nucleus,2339,314606,2399,-3884,-111,14048,25,9,32,21,16,5
TFB1_YEAST,Nucleus,642,84350,661,-1055,-47,3868,26,6,31,16,15,7
GIAN_DROME,Nucleus,448,57176,344,-693,-46,2734,26,6,38,10,13,9
RB48_HUMAN,Nucleus,425,55235,407,-610,-48,2465,25,8,25,13,13,12
SR75_HUMAN,Nucleus,494,65604,180,-1065,-32,3401,11,4,31,10,32,9
HMMC_BRARE,Nucleus,273,35048,231,-359,-46,1708,23,8,29,9,15,15
RAD4_SCHPO,Nucleus,648,85730,693,-964,-68,3948,27,9,26,13,15,10
RAD2_YEAST,Nucleus,1031,136246,970,-1746,-86,6145,23,8,27,16,15,9
MCE1_SCHPO,Nucleus,402,54039,410,-594,-41,2455,25,11,20,12,18,10
SMD1_YEAST,Nucleus,146,18866,167,-227,-16,926,31,3,33,11,15,12
GAT4_HUMAN,Nucleus,442,52515,316,-395,-92,2723,26,6,30,6,10,23
RIMI_YEAST,Nucleus,625,79388,506,-829,-86,3765,23,5,36,11,13,13
FKH_DROME,Nucleus,510,63387,311,-537,-85,3113,20,6,36,8,13,18
EVI1_HUMAN,Nucleus,1051,137103,793,-1569,-140,6364,19,7,31,12,17,12
CDNB_HUMAN,Nucleus,198,25595,117,-336,-37,1218,18,5,28,14,18,16
POU3_XENLA,Nucleus,382,48355,304,-550,-48,2334,23,5,32,6,16,15
NET_HUMAN,Nucleus,407,51623,454,-486,-68,2498,30,7,28,9,14,13
LOLL_DROME,Nucleus,894,112507,744,-1348,-82,5384,26,4,32,11,14,12
PU1_MOUSE,Nucleus,266,35410,187,-400,-37,1616,18,10,25,10,18,15
CBL_HUMAN,Nucleus,906,115824,781,-1104,-176,5479,23,7,28,9,13,17
NIT4_NEUCR,Nucleus,1090,139712,906,-1494,-146,6574,24,7,32,10,13,15
HXD9_MOUSE,Nucleus,339,41037,217,-353,-80,2087,21,7,27,9,12,25
ERC1_HUMAN,Nucleus,297,37853,330,-368,-52,1796,31,7,23,9,12,15
TFS2_HUMAN,Nucleus,301,39331,250,-486,-21,1847,24,4,31,15,18,7
RPB1_HUMAN,Nucleus,1970,252403,1635,-2411,-368,11962,22,8,30,10,12,17
MCM1_YEAST,Nucleus,286,37896,192,-568,-36,1668,18,4,44,12,10,12
HMC4_MOUSE,Nucleus,282,35489,195,-323,-53,1733,20,9,32,9,12,20
MYB_DROME,Nucleus,657,85798,498,-1051,-72,4052,21,6,31,14,18,11
IRF1_HUMAN,Nucleus,325,42302,268,-434,-53,1939,23,7,28,11,13,14
RA25_YEAST,Nucleus,843,110389,862,-1219,-74,5068,27,8,26,12,14,10
AREA_EMENI,Nucleus,876,109842,647,-1175,-156,5314,22,6,37,9,11,15
HMEN_ARTSF,Nucleus,349,45362,278,-515,-61,2172,22,7,28,11,16,15
HM22_CAEEL,Nucleus,346,43680,250,-443,-46,2069,23,9,36,9,10,12
NAB3_YEAST,Nucleus,802,104759,531,-1402,-123,4587,18,6,33,18,10,14
HMUX_DROME,Nucleus,389,46980,270,-461,-47,2374,25,7,29,10,12,20
PR19_YEAST,Nucleus,502,65427,515,-689,-42,2972,28,9,29,12,12,8
ELF1_HUMAN,Nucleus,619,78504,618,-856,-91,3685,27,5,32,11,11,13
RPA4_YEAST,Nucleus,326,42035,329,-520,-30,1897,25,7,28,18,13,11
LAMA_XENLA,Nucleus,665,86788,588,-1188,-39,4106,27,3,28,15,19,8
RA54_HUMAN,Nucleus,1641,216253,1306,-2940,-119,9992,21,5,28,15,19,8
ESCA_DROME,Nucleus,470,60334,319,-606,-76,2837,21,7,32,11,15,14
HMGC_MOUSE,Nucleus,256,32538,219,-324,-45,1585,26,7,24,10,15,17
HMPR_DROME,Nucleus,613,76441,478,-721,-108,3723,24,7,33,9,12,17
HXB1_CHICK,Nucleus,309,39339,208,-411,-58,1901,21,8,30,11,14,17
FOS_HUMAN,Nucleus,380,47472,339,-430,-64,2246,26,7,30,10,10,14
HXA1_HUMAN,Nucleus,330,41936,208,-438,-50,2019,19,8,34,10,15,15
RPB5_YEAST,Nucleus,215,28902,223,-315,-22,1338,26,9,26,13,18,9
OCT6_HUMAN,Nucleus,398,47516,320,-439,-84,2457,27,5,17,6,16,27
ELG_DROME,Nucleus,464,60933,469,-687,-36,2749,27,7,28,15,13,8
PP11_SCHPO,Nucleus,327,43461,339,-428,-36,1954,25,11,24,10,14,12
T2FB_XENLA,Nucleus,264,34840,228,-447,-21,1635,25,7,26,13,19,10
RFX1_HUMAN,Nucleus,979,122214,946,-1145,-174,5876,29,6,31,7,8,17
LOS1_YEAST,Nucleus,1100,146455,1499,-1452,-60,6440,31,10,32,15,10,5
RA16_YEAST,Nucleus,790,105528,810,-1256,-58,4829,25,8,28,13,17,8
HES2_RAT,Nucleus,157,19816,173,-176,-32,1001,34,4,20,8,15,17
HSF_YEAST,Nucleus,833,108157,658,-1453,-93,4915,20,6,38,20,12,10
TBAP_HUMAN,Nucleus,176,22572,190,-282,-8,1027,32,3,32,16,11,5
UBC3_SCHPO,Nucleus,157,20776,124,-211,-30,976,22,10,23,11,17,17
HXA7_MOUSE,Nucleus,229,29758,158,-324,-28,1363,23,11,25,15,13,13
PPAR_HUMAN,Nucleus,468,60613,526,-569,-43,2800,29,8,27,11,14,10
H5A_XENLA,Nucleus,196,24547,153,-348,-29,1394,28,2,19,5,34,12
RFA2_HUMAN,Nucleus,270,34056,278,-339,-32,1608,27,7,31,11,11,13
IPOU_DROME,Nucleus,367,46414,305,-475,-54,2275,25,5,28,7,17,15
CEB_DROME,Nucleus,444,56812,343,-746,-36,2687,24,3,39,12,13,11
SRY_GORGO,Nucleus,204,27494,130,-311,-22,1288,20,9,34,10,19,8
CC23_YEAST,Nucleus,626,84281,639,-884,-24,3714,27,13,27,13,13,5
HME1_HUMAN,Nucleus,391,47019,315,-473,-94,2435,29,4,23,7,14,23
HXB5_BRARE,Nucleus,275,35653,164,-396,-29,1688,17,10,39,12,14,11
MYC_CALJA,Nucleus,438,56559,355,-655,-65,2633,22,6,32,12,14,12
AP1_DROME,Nucleus,289,36165,295,-420,-40,1770,28,3,33,15,13,12
TF2D_PLAFA,Nucleus,228,30216,301,-332,-10,1404,33,8,29,16,16,5
LMX1_MESAU,Nucleus,382,49612,315,-517,-39,2312,22,8,32,10,15,11
ELF1_DROME,Nucleus,1063,135141,996,-1555,-125,6345,25,5,32,10,13,13
BCL3_HUMAN,Nucleus,446,54756,478,-453,-111,2748,33,3,24,7,11,21
ORC6_YEAST,Nucleus,435,58050,411,-679,-44,2659,24,7,29,14,17,9
T2FA_XENLA,Nucleus,524,68048,314,-975,-56,3218,17,5,26,15,20,12
TF2D_DROME,Nucleus,353,44743,344,-402,-61,2164,26,6,33,5,12,17
NUMB_DROME,Nucleus,556,70550,508,-768,-78,3457,26,6,30,9,15,13
RN15_YEAST,Nucleus,296,38064,307,-434,-33,1739,27,7,35,18,9,11
PAC1_MOUSE,Nucleus,318,40213,383,-328,-46,1927,34,7,24,9,12,14
PPR1_YEAST,Nucleus,904,118861,923,-1218,-84,5444,25,11,29,12,13,9
SNF4_YEAST,Nucleus,322,42137,437,-428,-22,1929,34,7,26,9,12,8
H114_BRARE,Nucleus,250,33538,159,-383,-17,1524,18,11,38,17,16,6
NFI1_CHICK,Nucleus,560,72614,483,-731,-119,3445,22,8,30,8,14,17
BUB1_YEAST,Nucleus,1021,136079,980,-1611,-98,6168,24,9,29,15,15,9
SRS2_YEAST,Nucleus,1175,155304,1275,-1870,-95,7209,27,7,27,13,17,8
FIP1_YEAST,Nucleus,327,41606,247,-484,-50,1874,20,6,35,14,9,14
RA21_SCHPO,Nucleus,628,79064,702,-834,-72,3672,31,4,30,12,10,11
PR38_YEAST,Nucleus,242,32273,263,-350,-13,1415,27,10,31,17,12,7
CEB_DROVI,Nucleus,451,58845,356,-817,-22,2712,24,3,47,14,13,5
HMG_TETPY,Nucleus,99,13377,59,-200,-11,660,18,9,17,13,31,10
ELK1_HUMAN,Nucleus,428,52550,409,-455,-115,2610,28,5,24,9,10,24
MKLP_HUMAN,Nucleus,960,127389,902,-1512,-95,5917,24,7,30,15,17,10
SPT5_YEAST,Nucleus,1063,134639,870,-1693,-106,6348,23,6,27,13,14,14
SD22_SCHPO,Nucleus,332,43981,442,-527,-19,1955,33,6,28,18,12,6
SLP1_DROME,Nucleus,322,41940,231,-445,-50,1944,23,11,30,11,13,13
HMEV_DROME,Nucleus,376,46661,275,-365,-99,2337,26,7,28,5,13,21
RPC4_YEAST,Nucleus,424,54506,389,-761,-39,2634,25,4,22,16,21,12
SKI3_YEAST,Nucleus,1432,189309,1710,-2091,-73,8500,32,9,24,13,14,6
MCM3_YEAST,Nucleus,971,124857,1060,-1458,-100,5831,30,6,25,12,14,11
UME6_YEAST,Nucleus,836,106085,549,-1363,-111,5144,19,5,40,14,15,12
SRYC_DROME,Nucleus,868,110858,789,-1212,-118,5340,26,5,32,10,16,11
SDC1_CAEEL,Nucleus,1203,160765,1166,-1818,-98,7300,25,9,24,13,18,8
ID3_HUMAN,Nucleus,119,15078,143,-132,-22,721,34,3,20,9,13,17
ICSB_MOUSE,Nucleus,424,55796,403,-562,-60,2576,24,9,25,11,14,14
B4_XENLA,Nucleus,273,34172,234,-514,-34,1816,28,1,18,13,28,12
SOX4_MOUSE,Nucleus,440,53020,329,-497,-77,2667,24,6,28,7,13,19
AMDR_EMENI,Nucleus,765,99493,756,-1054,-100,4649,28,7,27,10,14,11
RME1_YEAST,Nucleus,300,39248,256,-427,-33,1814,23,8,32,13,15,11
PR09_YEAST,Nucleus,530,72480,488,-906,-39,3221,23,11,23,16,18,7
SSRP_HUMAN,Nucleus,709,93728,576,-1189,-59,4321,20,9,25,14,19,10
PLZF_HUMAN,Nucleus,673,86344,566,-839,-82,4048,24,6,29,10,15,13
HSF_KLULA,Nucleus,677,87505,552,-1097,-90,4028,21,6,36,16,12,14
IRF2_HUMAN,Nucleus,349,45544,293,-528,-54,2135,22,6,30,14,16,13
RPA1_TRYBB,Nucleus,1744,222925,1860,-2238,-182,10681,28,7,26,9,14,13
RPC1_GIALA,Nucleus,1741,225027,2012,-2311,-156,10621,30,7,27,10,14,10
MYBA_HUMAN,Nucleus,752,99308,642,-1211,-85,4571,23,7,30,14,16,10
TTP_HUMAN,Nucleus,326,39815,246,-295,-98,2011,21,7,29,5,11,26
PDM1_DROME,Nucleus,601,75929,536,-817,-84,3677,27,4,36,8,13,12
T2FB_DROME,Nucleus,276,37478,227,-501,-26,1756,24,7,22,13,24,8
TISD_MOUSE,Nucleus,367,44139,273,-365,-78,2267,22,7,30,6,13,22
RPB6_YEAST,Nucleus,155,20662,139,-265,-16,901,23,9,21,17,14,11
ZEP2_HUMAN,Nucleus,1833,234879,1370,-2523,-331,11123,20,6,31,9,15,16
CB33_YEAST,Nucleus,477,64708,564,-727,-28,2936,29,12,24,13,17,6
PR06_YEAST,Nucleus,899,120274,964,-1408,-68,5474,29,9,25,13,16,7
MKS1_YEAST,Nucleus,584,76064,445,-1007,-64,3572,20,6,38,16,16,10
ISL1_HUMAN,Nucleus,346,44898,316,-450,-49,2131,25,6,29,8,16,13
CST3_HUMAN,Nucleus,431,56043,419,-547,-34,2587,27,9,31,9,13,9
USF1_HUMAN,Nucleus,310,39063,275,-459,-32,1854,25,5,33,11,12,14
SRY_SMIMA,Nucleus,208,28235,151,-335,-15,1274,18,9,35,14,18,6
H11_GLYBA,Nucleus,233,28556,211,-353,-52,1606,32,2,13,6,29,17
HSF_DROME,Nucleus,691,89268,637,-1073,-68,4068,25,5,32,14,12,10
REB1_YEAST,Nucleus,810,106337,613,-1563,-36,4743,23,4,33,17,16,5
RPC8_YEAST,Nucleus,251,32194,200,-411,-27,1418,21,9,22,17,12,15
TFE_CANFA,Nucleus,642,79818,407,-847,-119,3897,19,5,34,10,14,19
RFA2_YEAST,Nucleus,273,34799,272,-380,-25,1588,24,8,33,14,10,12
HXB2_HUMAN,Nucleus,356,44261,329,-394,-96,2139,26,7,23,10,10,22
LEF1_MOUSE,Nucleus,397,51137,266,-536,-92,2443,19,7,26,10,16,21
TFE2_HUMAN,Nucleus,654,79280,494,-768,-131,3956,23,5,27,8,12,22
DUN1_YEAST,Nucleus,513,67782,556,-809,-41,3108,27,8,29,12,15,8
PPAT_XENLA,Nucleus,477,62562,510,-654,-49,2861,27,9,25,10,15,11
PAX6_BRARE,Nucleus,437,56219,319,-578,-68,2686,21,7,36,11,12,15
CENA_HUMAN,Nucleus,140,18474,147,-216,-22,935,29,6,19,6,24,15
HES3_RAT,Nucleus,175,22247,160,-217,-40,1108,26,6,25,7,14,21
ARP1_HUMAN,Nucleus,414,52953,405,-467,-65,2530,27,7,31,7,12,15
PR28_YEAST,Nucleus,588,77131,651,-900,-56,3594,29,7,27,13,16,9
GAT2_HUMAN,Nucleus,480,58893,333,-487,-106,2989,23,6,28,7,15,22
SINA_DROME,Nucleus,314,39303,308,-313,-32,1874,27,6,35,10,11,12
RPB2_SCHPO,Nucleus,1210,159424,1261,-1648,-120,7366,27,8,26,11,15,11
ADR6_YEAST,Nucleus,1314,171407,1353,-2161,-114,7821,26,7,42,20,10,7
TOP2_CRIFA,Nucleus,1239,160581,1363,-1655,-126,7667,29,8,25,9,16,11
RELB_HUMAN,Nucleus,579,72324,566,-660,-131,3510,27,6,21,8,12,22
HUNB_DROVI,Nucleus,816,103645,572,-1122,-115,4898,23,5,39,8,12,12
SKI_HUMAN,Nucleus,728,93000,707,-985,-110,4486,30,5,22,12,16,13
CPD1_DROME,Nucleus,355,43333,165,-653,-66,2183,16,1,24,14,19,22
TEC1_YEAST,Nucleus,486,63826,417,-778,-47,2941,23,9,33,16,15,9
H2A1_LEIDO,Nucleus,132,16234,139,-159,-14,880,34,3,22,5,22,14
CEBB_CHICK,Nucleus,328,40877,242,-407,-67,2019,23,6,26,10,14,20
PHP_DROME,Nucleus,1589,195695,1422,-2181,-213,9537,27,2,45,6,8,14
PRGR_HUMAN,Nucleus,933,115706,957,-948,-194,5638,30,6,25,7,10,19
RPCX_SCHPO,Nucleus,63,8396,42,-79,-8,415,19,6,33,10,22,13
TTF1_CANFA,Nucleus,371,45156,276,-405,-68,2293,26,5,30,5,12,21
SAPA_MOUSE,Nucleus,430,54536,435,-517,-91,2605,27,7,30,12,11,16
SPT2_YEAST,Nucleus,333,44484,210,-667,-40,2110,17,5,21,16,25,12
MYOD_MOUSE,Nucleus,318,39887,251,-403,-66,1919,25,6,24,9,13,18
H1L_MYTCA,Nucleus,148,18316,103,-240,-20,1060,23,2,30,5,30,14
H2AM_RAT,Nucleus,367,45498,419,-474,-43,2316,32,5,21,8,17,14
QUTA_EMENI,Nucleus,825,105139,801,-1072,-108,4999,28,5,31,9,12,12
MA3R_YEAST,Nucleus,468,62537,520,-584,-35,2833,29,12,25,9,15,7
TEBA_STYMY,Nucleus,493,64890,523,-775,-29,3050,29,11,25,10,17,7
E74A_DROME,Nucleus,829,101956,753,-1113,-99,4936,29,5,34,11,10,14
SUHW_DROVI,Nucleus,899,116643,782,-1425,-72,5467,24,5,26,12,19,8
HAIR_DROME,Nucleus,337,43001,319,-480,-50,2080,29,4,35,9,13,12
GCN5_YEAST,Nucleus,439,58895,428,-687,-42,2665,25,10,23,16,17,10
ZEST_DROME,Nucleus,574,72091,543,-893,-42,3438,31,4,36,11,11,9
ETF_MOUSE,Nucleus,445,56978,410,-547,-78,2698,25,9,24,9,12,18
HXAB_CHICK,Nucleus,297,38564,188,-401,-44,1829,19,10,33,12,14,13
ACE2_YEAST,Nucleus,770,100379,642,-1257,-114,4702,21,5,33,14,16,13
CENC_MOUSE,Nucleus,906,118401,691,-1543,-99,5693,20,6,33,13,20,10
MCR_HUMAN,Nucleus,984,124641,865,-1163,-146,5914,23,7,36,11,11,14
HMG2_CHICK,Nucleus,206,27360,83,-401,-30,1289,13,8,17,19,26,14
TFC3_YEAST,Nucleus,1160,152819,1278,-1845,-72,7171,28,8,26,12,18,8
DP27_CAEEL,Nucleus,1469,195850,1486,-2462,-99,8934,27,6,24,15,18,7
HXA2_CHICK,Nucleus,375,47685,315,-529,-62,2244,22,7,31,13,12,15
SDC3_CAEEL,Nucleus,2150,288355,2151,-3539,-244,13015,25,8,23,16,17,10
UBC3_YEAST,Nucleus,295,39320,249,-505,-34,1644,21,9,25,14,12,9
CC21_SCHPO,Nucleus,909,117617,1010,-1244,-99,5538,29,5,27,9,15,10
SPE_SEPOF,Nucleus,51,6860,40,-76,-3,361,18,12,31,4,31,8
ESM8_DROHY,Nucleus,183,23649,149,-236,-24,1118,25,5,32,12,14,12
CDB4_SCHPO,Nucleus,381,48390,418,-525,-38,2314,30,6,25,11,15,10
CREP_HUMAN,Nucleus,505,63521,478,-694,-88,3084,27,3,34,9,13,13
TRA1_CAEEL,Nucleus,1110,142630,919,-1669,-153,6698,24,5,31,11,14,13
H103_CHICK,Nucleus,223,26364,210,-325,-42,1572,37,1,13,3,30,16
SPT4_YEAST,Nucleus,102,12963,93,-100,-13,602,25,7,30,12,11,15
H12_CAEEL,Nucleus,190,23209,189,-291,-29,1308,35,2,18,6,27,13
SOX5_MOUSE,Nucleus,392,50193,313,-570,-56,2389,25,5,27,13,15,14
CNBP_HUMAN,Nucleus,177,22609,82,-220,-16,1086,14,7,31,11,20,16
HXA7_COTJA,Nucleus,242,32547,138,-372,-24,1549,17,12,33,11,19,10
RPB7_YEAST,Nucleus,171,22096,212,-200,-18,1035,28,10,25,8,13,13
CBP_MOUSE,Nucleus,2441,309094,1893,-3146,-506,14845,22,4,36,10,11,18
SUM1_LYTVA,Nucleus,260,33312,167,-360,-26,1571,22,7,33,15,15,12
GCRA_HUMAN,Nucleus,777,99530,736,-978,-93,4646,25,7,33,11,11,12
HEX2_YEAST,Nucleus,1014,130729,711,-1778,-86,5926,20,6,35,17,14,8
BRAC_XENLA,Nucleus,432,55304,349,-535,-68,2606,23,8,33,11,13,15
EGR2_BRARE,Nucleus,412,52500,301,-483,-88,2536,19,8,33,7,14,18
SUS_DROME,Nucleus,1322,167174,1011,-1953,-224,7923,21,4,30,14,13,18
FORM_CHICK,Nucleus,1213,156905,1090,-1897,-205,7285,23,6,26,14,15,14
H1_DROME,Nucleus,256,30918,242,-386,-27,1748,34,2,23,4,27,10
SON1_YEAST,Nucleus,531,69627,426,-894,-41,3125,21,8,36,17,14,7
PR18_YEAST,Nucleus,251,32845,284,-377,-23,1521,31,5,27,13,15,8
EMC_DROME,Nucleus,199,25504,180,-316,-24,1174,29,2,33,12,12,10
ZEP1_HUMAN,Nucleus,2717,345774,2425,-3935,-408,16549,24,4,34,11,14,13
SN2L_HUMAN,Nucleus,976,132150,987,-1565,-89,6033,26,9,22,14,19,9
TFC1_YEAST,Nucleus,649,85134,681,-973,-78,3874,26,9,23,13,15,11
RPA3_YEAST,Nucleus,415,54061,479,-621,-45,2585,30,7,23,11,17,10
ESP1_YEAST,Nucleus,1573,209589,1979,-2082,-89,9523,30,10,29,13,14,6
RA10_YEAST,Nucleus,210,28046,202,-335,-14,1273,25,10,34,15,13,7
MA6R_YEAST,Nucleus,473,63328,529,-585,-38,2870,29,10,27,10,15,7
IKAR_MOUSE,Nucleus,431,55868,310,-611,-50,2600,20,6,32,13,17,12
T2FA_DROME,Nucleus,577,74750,377,-1077,-50,3551,19,6,24,14,21,10
PR08_YEAST,Nucleus,2413,322600,2540,-3486,-268,14682,27,11,24,13,15,10
GCF_HUMAN,Nucleus,784,104991,825,-1279,-62,4909,27,7,28,12,19,7
PHA1_HUMAN,Nucleus,249,33019,207,-508,-18,1328,22,4,17,29,12,10
SSS1_SCYCA,Nucleus,87,12714,50,-218,-9,686,15,3,21,8,48,8
SX18_MOUSE,Nucleus,378,48315,317,-477,-82,2379,26,7,23,8,15,19
CYP1_YEAST,Nucleus,1483,190642,1311,-1982,-170,8907,23,7,37,13,12,11
MBP1_YEAST,Nucleus,833,108778,801,-1334,-82,5096,25,6,35,13,15,9
RPA1_SCHPO,Nucleus,1689,219400,1761,-2379,-166,10197,27,8,26,12,15,11
NIT2_NEUCR,Nucleus,1036,127820,656,-1280,-197,6288,19,6,38,9,11,19
VDR_MOUSE,Nucleus,422,55375,419,-561,-46,2542,25,7,28,9,15,10
ID4_HUMAN,Nucleus,161,19483,170,-159,-36,1003,37,1,21,6,14,19
SSN6_YEAST,Nucleus,966,124454,799,-1526,-119,5676,28,5,38,12,9,10
SSS2_SCYCA,Nucleus,80,11143,53,-181,-10,596,23,5,19,9,41,8
H2AV_SCHPO,Nucleus,171,21854,191,-241,-15,1102,31,5,20,11,21,13
WT1_HUMAN,Nucleus,449,57197,287,-536,-93,2794,18,8,32,6,16,20
HIR1_YEAST,Nucleus,788,101996,878,-1110,-82,4764,28,7,27,11,14,11
UN86_CAEEL,Nucleus,467,60643,467,-624,-76,2886,25,9,31,9,14,13
USS1_YEAST,Nucleus,187,24601,142,-351,-11,1124,19,7,47,28,12,8
CEBA_RAT,Nucleus,358,43755,291,-417,-103,2213,27,5,18,8,14,27
HMG1_BOVIN,Nucleus,214,28583,103,-429,-25,1311,15,8,14,19,25,11
RPB5_HUMAN,Nucleus,210,28346,231,-329,-21,1274,28,8,23,12,16,10
GAGA_DROME,Nucleus,519,64092,497,-683,-71,3144,29,3,35,7,11,16
APTE_DROME,Nucleus,469,60419,343,-610,-60,2890,20,9,34,8,16,13
HG17_RAT,Nucleus,89,10808,43,-176,-21,587,22,0,10,9,28,22
SOX3_HUMAN,Nucleus,443,52790,370,-408,-101,2752,32,5,23,5,12,22
HAP2_YEAST,Nucleus,265,34586,195,-454,-32,1628,23,5,33,9,16,9
SNF7_YEAST,Nucleus,240,31259,235,-425,-12,1396,27,2,31,23,14,6
CCG1_HUMAN,Nucleus,1872,246117,1578,-2924,-233,11139,22,7,25,14,15,12
HMGI_HUMAN,Nucleus,106,13422,36,-211,-25,704,10,0,27,14,25,23
SUHW_DROME,Nucleus,944,123131,814,-1559,-75,5736,23,5,26,15,20,9
RA13_SCHPO,Nucleus,1113,146161,1155,-1765,-103,6616,26,7,27,15,14,9
SMD3_YEAST,Nucleus,101,13011,120,-135,-16,635,30,4,27,10,16,15
NIL2_HUMAN,Nucleus,735,93670,618,-1154,-104,4277,24,3,32,18,12,12
MYCN_HUMAN,Nucleus,464,57840,410,-618,-94,2807,27,5,22,12,14,19
YEMA_DROME,Nucleus,1002,127207,833,-1509,-114,6100,25,5,31,11,15,11
AC15_HUMAN,Nucleus,1148,148754,955,-1884,-103,7157,23,6,27,12,20,10
GLN3_YEAST,Nucleus,730,92418,568,-1117,-71,4391,20,6,48,17,11,9
BTEB_RAT,Nucleus,244,31499,169,-346,-34,1530,20,6,26,7,21,13
PHO4_YEAST,Nucleus,312,39633,269,-484,-44,1913,25,4,31,13,16,12
CBF1_YEAST,Nucleus,351,45698,239,-685,-21,2079,22,3,31,20,17,7
RU1A_XENLA,Nucleus,282,36631,267,-342,-50,1745,24,7,30,11,14,17
ME18_HUMAN,Nucleus,344,43919,285,-413,-61,2110,24,6,28,10,15,16
HMES_DROME,Nucleus,497,62651,384,-599,-148,3057,24,4,28,8,13,24
H1_PARAN,Nucleus,248,30801,179,-446,-36,1870,32,1,14,2,40,12
BAS1_YEAST,Nucleus,811,104085,620,-1292,-104,4932,20,5,35,14,15,13
RFA1_YEAST,Nucleus,621,81429,639,-962,-46,3719,27,10,29,15,13,8
RAT1_YEAST,Nucleus,1006,133893,954,-1547,-108,6089,25,10,26,16,15,11
POU1_BRARE,Nucleus,425,53207,356,-554,-58,2597,25,6,31,7,15,15
CGB3_CHICK,Nucleus,403,53135,403,-568,-52,2475,28,8,23,12,16,10
BRN1_MOUSE,Nucleus,495,58849,389,-535,-117,3038,26,4,23,5,13,26
HM8_XENLA,Nucleus,271,36231,183,-425,-51,1671,19,8,27,11,18,15
CNJC_TETTH,Nucleus,310,41563,338,-474,-21,1844,26,8,27,17,15,7
HMZ1_DROME,Nucleus,353,45594,258,-505,-42,2173,24,6,37,11,15,10
K10_DROME,Nucleus,463,59810,216,-708,-134,2917,12,5,37,13,16,25
HXDC_MOUSE,Nucleus,279,35251,234,-345,-52,1748,26,8,28,8,14,18
SYU2_RAT,Nucleus,149,18401,158,-183,-16,943,32,5,22,9,17,15
STP1_YEAST,Nucleus,519,67347,442,-774,-58,3134,21,8,35,14,15,11
LAC9_KLULA,Nucleus,865,112481,838,-1136,-82,5150,27,8,37,13,10,8
CEBB_HUMAN,Nucleus,345,42243,273,-375,-93,2131,28,7,19,8,14,23
RED1_YEAST,Nucleus,827,110298,862,-1457,-57,4999,24,7,30,17,17,6
BAF1_KLUMA,Nucleus,496,64656,464,-889,-32,2940,27,4,28,12,18,8
DPO4_YEAST,Nucleus,581,77865,597,-915,-34,3529,25,11,24,15,17,8
MTA0_YEAST,Nucleus,130,17585,142,-214,-6,812,27,7,32,19,19,5
RA54_YEAST,Nucleus,898,117784,915,-1370,-91,5553,27,7,26,12,17,11
HMDF_DROME,Nucleus,590,74370,349,-854,-87,3552,19,5,35,13,14,18
NHP2_YEAST,Nucleus,173,21944,190,-272,-19,1102,30,4,20,13,22,12
TYY1_HUMAN,Nucleus,414,52140,337,-612,-58,2494,22,5,21,11,19,18
RBJK_HUMAN,Nucleus,500,64597,464,-625,-66,3016,24,9,29,11,13,13
POP1_YEAST,Nucleus,875,116012,851,-1314,-78,5522,25,8,29,10,19,9
ZNG1_RAT,Nucleus,423,53402,313,-528,-62,2659,21,7,26,6,19,17
ER71_MOUSE,Nucleus,335,43045,207,-395,-66,2000,19,12,26,9,11,21
PML1_HUMAN,Nucleus,882,113238,908,-1159,-119,5344,30,6,27,11,13,12
EWS_HUMAN,Nucleus,656,80194,183,-769,-174,4023,11,9,31,5,10,32
RPB2_YEAST,Nucleus,1224,160868,1279,-1699,-118,7438,27,9,24,11,15,11
NAB2_YEAST,Nucleus,525,67687,434,-777,-92,3198,22,5,34,13,13,15
TFC5_YEAST,Nucleus,594,78286,493,-1082,-62,3638,22,5,26,18,19,10
P68_HUMAN,Nucleus,614,80104,551,-894,-71,3785,25,9,25,11,16,14
MAC1_YEAST,Nucleus,417,53926,362,-555,-41,2511,23,7,35,11,15,9
ADF1_DROME,Nucleus,253,33723,240,-410,-16,1540,26,9,32,11,15,6
PR39_YEAST,Nucleus,629,85966,728,-935,-44,3796,27,13,28,15,14,6
CC16_YEAST,Nucleus,840,109987,823,-1205,-54,5018,27,9,33,15,13,6
SKI_CHICK,Nucleus,750,97669,656,-1111,-92,4609,25,6,28,13,17,10
ZN46_HUMAN,Nucleus,433,56446,429,-607,-43,2595,25,7,33,11,14,10
RMS1_HUMAN,Nucleus,418,55689,512,-516,-41,2656,30,11,27,8,17,10
NUC2_SCHPO,Nucleus,665,88120,690,-962,-45,4035,28,11,28,13,15,7
EKLF_MOUSE,Nucleus,376,46605,282,-405,-90,2319,24,8,23,6,14,23
DA80_YEAST,Nucleus,269,34956,259,-408,-35,1655,24,5,31,15,17,12
CDN1_HUMAN,Nucleus,164,21033,120,-234,-29,1023,20,6,23,9,17,20
TF2B_DROME,Nucleus,315,39982,330,-386,-34,1926,29,6,27,9,15,11
SP10_HUMAN,Nucleus,480,62331,403,-783,-56,2820,21,5,30,17,14,11
RPB1_PLAFD,Nucleus,2452,321976,2209,-3866,-236,14511,23,8,33,18,13,10
BTF2_HUMAN,Nucleus,548,71807,554,-822,-41,3343,28,8,30,13,16,8
FORM_MOUSE,Nucleus,1468,190030,1268,-2174,-287,9079,23,6,25,11,17,16
CYS3_NEUCR,Nucleus,236,30096,187,-383,-29,1462,26,5,26,11,19,10
BTF3_HUMAN,Nucleus,206,25833,190,-327,-26,1275,27,2,28,13,16,15
RNHA_HUMAN,Nucleus,1279,164912,1348,-1629,-158,7726,28,8,25,12,13,14
MCE1_YEAST,Nucleus,459,60948,452,-661,-59,2757,25,9,25,12,14,12
RPC1_TRYBB,Nucleus,1530,197598,1815,-1971,-162,9454,31,7,24,10,15,12
RRD1_NOTVI,Nucleus,505,65636,427,-653,-74,3085,22,7,29,11,15,14
STP1_HUMAN,Nucleus,54,7240,15,-122,-4,407,9,4,26,6,44,13
THYA_BOVIN,Nucleus,109,13873,51,-264,-5,532,17,0,16,38,9,9
ALCR_EMENI,Nucleus,821,106343,789,-1100,-95,4970,29,8,28,9,13,10
SMR1_PODAN,Nucleus,356,47201,416,-517,-38,2118,29,9,22,13,14,11
SMI1_YEAST,Nucleus,505,66089,427,-862,-47,2913,22,8,30,18,12,10
MIG1_YEAST,Nucleus,504,64524,398,-768,-74,3109,21,3,42,11,14,12
STP4_PIG,Nucleus,138,18670,73,-296,-16,1003,16,4,32,9,35,11
HES1_MOUSE,Nucleus,282,34773,252,-306,-67,1752,27,5,29,8,13,20
GROU_DROME,Nucleus,719,91764,609,-942,-136,4382,24,6,26,10,14,18
MYOD_CAEEL,Nucleus,324,42223,281,-507,-36,1944,25,7,33,12,13,9
SEN1_YEAST,Nucleus,2112,277076,2285,-3098,-193,12902,28,8,28,12,16,9
IXR1_YEAST,Nucleus,597,78510,388,-1074,-79,3568,19,6,46,13,10,11
RA18_YEAST,Nucleus,487,63916,410,-747,-49,2952,21,6,35,13,16,9
HMC2_MOUSE,Nucleus,311,39019,238,-393,-66,1939,26,7,28,7,14,20
PRO_DROME,Nucleus,1403,178635,1071,-2091,-186,8402,23,4,38,10,12,12
CREM_MOUSE,Nucleus,341,42655,338,-458,-47,2053,29,2,33,9,11,13
T2EB_XENLA,Nucleus,288,37753,276,-478,-28,1816,25,7,23,9,21,11
XBP1_HUMAN,Nucleus,260,33295,274,-357,-40,1620,34,4,27,10,13,13
RAD3_SCHPO,Nucleus,1070,141075,1357,-1436,-69,6412,33,10,25,12,13,7
SP1_RAT,Nucleus,788,95092,669,-975,-108,4692,24,3,42,10,7,18
DRS1_YEAST,Nucleus,722,94868,753,-1229,-52,4464,27,5,23,15,19,9
IRTF_HUMAN,Nucleus,393,50703,366,-514,-67,2367,24,8,27,11,12,16
FRA_DROME,Nucleus,595,73460,515,-813,-91,3559,24,2,36,13,11,16
BIMB_EMENI,Nucleus,2067,264855,2343,-2766,-154,12604,32,6,27,10,14,9
EGD1_YEAST,Nucleus,157,19809,176,-252,-14,944,32,4,24,13,15,10
HDF1_YEAST,Nucleus,602,81385,611,-938,-46,3628,24,12,24,12,16,8
TF2B_KLULA,Nucleus,357,45511,411,-499,-29,2197,32,5,27,12,15,9
LY14_YEAST,Nucleus,790,103560,783,-1178,-63,4733,25,8,33,15,14,8
HAIR_DROVI,Nucleus,378,48123,354,-566,-53,2336,29,3,37,10,13,11
VDR_COTJA,Nucleus,448,58656,442,-579,-46,2682,24,7,31,11,15,10
RPB3_SCHPO,Nucleus,296,38802,293,-415,-38,1725,27,7,27,18,11,11
BX42_DROME,Nucleus,547,70916,456,-928,-74,3426,26,5,20,12,19,14
RAD1_YEAST,Nucleus,1100,146009,1244,-1761,-79,6563,29,7,26,16,15,7
HXD1_MOUSE,Nucleus,327,39894,294,-333,-72,2013,28,9,23,8,12,21
RMIL_CHICK,Nucleus,806,103754,796,-1012,-123,4904,25,8,28,9,13,15
ADR1_YEAST,Nucleus,1323,174589,1339,-1944,-95,7921,25,10,33,15,14,7
SRF_HUMAN,Nucleus,508,60661,449,-528,-84,3068,27,4,35,7,8,19
TFS2_DROME,Nucleus,313,39877,249,-456,-22,1925,23,4,36,13,16,8
MAD_HUMAN,Nucleus,221,29186,183,-393,-9,1376,24,3,29,12,22,6
E74B_DROME,Nucleus,883,110592,701,-1266,-114,5326,27,4,35,8,12,12
RAP1_YEAST,Nucleus,827,107180,731,-1331,-87,4869,25,7,30,15,13,9
RFA3_YEAST,Nucleus,122,15978,147,-165,-11,715,30,7,31,17,10,8
EST1_YEAST,Nucleus,699,94180,836,-999,-44,4328,29,11,26,12,17,6
THB2_HUMAN,Nucleus,476,62844,438,-596,-50,2848,25,10,27,11,14,11
CREA_ASPNG,Nucleus,427,53758,295,-564,-92,2659,21,4,33,8,17,17
HMIX_XENLA,Nucleus,377,48971,296,-519,-66,2290,21,8,38,11,11,14
NAP1_YEAST,Nucleus,417,55320,399,-720,-44,2347,24,8,23,19,11,10
RAD8_SCHPO,Nucleus,1133,148840,1195,-1562,-94,6764,26,9,31,13,13,8
HMSC_DROME,Nucleus,413,52359,265,-559,-63,2559,20,7,39,11,13,16
AP3_DROME,Nucleus,317,39851,395,-395,-40,1918,34,7,21,12,13,13
ADA2_YEAST,Nucleus,434,58306,386,-672,-43,2636,24,10,25,14,17,9
RPC3_YEAST,Nucleus,654,85700,753,-962,-47,3964,31,6,27,14,15,7
KEM1_YEAST,Nucleus,1528,202746,1534,-2318,-178,9291,25,10,24,13,16,11
CENB_CRIGR,Nucleus,606,77225,534,-930,-67,3491,26,6,19,18,12,14
C46H_HUMAN,Nucleus,734,95344,801,-1009,-67,4518,29,7,23,9,16,11
GCR_MOUSE,Nucleus,783,100031,732,-977,-99,4686,25,7,33,10,11,13
BRLA_EMENI,Nucleus,432,55637,255,-540,-82,2632,17,8,35,9,13,17
ANDR_HUMAN,Nucleus,919,115401,776,-1038,-157,5523,25,8,28,8,11,19
RPT1_MOUSE,Nucleus,353,47616,369,-564,-23,2132,27,6,28,16,16,7
GLI_HUMAN,Nucleus,1106,137663,735,-1262,-285,6757,19,6,29,9,13,24
BBF2_DROME,Nucleus,515,65717,451,-747,-69,3099,24,4,33,10,15,11
PIK1_YEAST,Nucleus,1066,138958,1106,-1633,-70,6409,27,7,30,14,14,8
PR02_YEAST,Nucleus,876,115449,920,-1302,-79,5351,27,7,28,13,15,9
RPB3_YEAST,Nucleus,318,40964,313,-431,-27,1836,28,7,29,14,10,10
KCLK_MOUSE,Nucleus,483,65707,365,-773,-38,3047,20,11,23,9,24,9
SEN2_YEAST,Nucleus,377,50827,381,-574,-31,2317,26,11,22,12,18,10
RBL2_HUMAN,Nucleus,1082,141795,1056,-1512,-134,6627,25,8,29,12,15,12
ARG1_YEAST,Nucleus,177,22634,143,-284,-25,1064,21,4,33,11,14,12
DA_DROME,Nucleus,710,86545,570,-883,-116,4276,25,3,35,10,11,18
RA16_SCHPO,Nucleus,892,117995,1029,-1213,-69,5386,30,9,28,12,14,8
RPA2_EUPOC,Nucleus,1166,153531,1273,-1568,-105,7108,26,10,26,10,16,11
KNIR_DROME,Nucleus,429,53264,364,-472,-67,2630,25,7,32,7,14,15
HIR2_YEAST,Nucleus,875,114144,975,-1163,-84,5272,28,9,31,12,12,10
ERG_HUMAN,Nucleus,462,60271,318,-591,-90,2809,21,9,30,9,14,16
TRX_DROME,Nucleus,3759,471287,3304,-4995,-453,22518,25,5,36,11,11,13
RBJK_DROME,Nucleus,594,77523,519,-830,-74,3564,23,8,35,11,12,13
BF1_RAT,Nucleus,480,60031,335,-588,-106,2960,21,7,29,8,15,21
CBFB_HUMAN,Nucleus,347,43063,367,-465,-47,2093,30,2,38,7,8,16
HES5_RAT,Nucleus,166,21401,153,-218,-24,1044,30,7,27,8,17,11
CENC_HUMAN,Nucleus,943,123762,760,-1659,-96,5885,20,5,32,14,20,9
HSF_SCHPO,Nucleus,609,77841,502,-906,-80,3607,21,6,40,15,10,12
ST12_YEAST,Nucleus,688,90146,516,-990,-115,4102,19,10,33,14,12,14
HAP3_KLULA,Nucleus,205,26769,165,-331,-16,1220,24,5,34,16,15,7
HMX1_HUMAN,Nucleus,297,36291,294,-314,-65,1872,32,6,20,6,14,20
SMR2_PODAN,Nucleus,288,37187,340,-377,-32,1756,34,7,26,8,14,9
DBP_RAT,Nucleus,325,40229,288,-404,-84,2037,27,4,19,8,15,23
CSE4_YEAST,Nucleus,229,30915,213,-413,-10,1429,27,6,28,13,19,4
HXDD_CHICK,Nucleus,301,37737,217,-366,-45,1865,23,10,27,9,14,18
HXDB_MOUSE,Nucleus,323,39304,224,-339,-87,2004,24,10,17,8,12,29
PBX1_MOUSE,Nucleus,347,44612,299,-511,-34,2134,26,5,29,13,16,12
MGMT_YEAST,Nucleus,206,27242,225,-299,-16,1274,27,10,24,16,17,10
SNF2_YEAST,Nucleus,1703,224469,1617,-2864,-153,10330,26,6,30,15,16,9
T2FC_YEAST,Nucleus,244,31783,279,-365,-31,1460,28,7,24,16,14,12
HMPB_DROME,Nucleus,798,99812,578,-1130,-125,4770,21,6,36,12,12,17
CGM2_SCHPO,Nucleus,322,43408,361,-448,-25,1959,28,12,27,14,16,6
CF1A_DROME,Nucleus,549,68899,453,-674,-84,3404,27,5,27,5,16,16
TOA1_YEAST,Nucleus,286,37296,265,-536,-15,1614,24,5,33,26,10,7
ARG2_YEAST,Nucleus,880,115990,867,-1255,-89,5319,26,9,28,13,15,10
SOX4_HUMAN,Nucleus,474,55725,354,-516,-73,2869,26,5,27,8,12,20
SKO1_YEAST,Nucleus,647,81743,523,-999,-85,3920,20,4,43,17,12,11
PAP_YEAST,Nucleus,568,74684,663,-813,-54,3460,30,9,23,12,15,10
TTKB_DROME,Nucleus,641,79955,554,-857,-85,3873,26,5,32,10,13,14
MAM_DROME,Nucleus,1596,196243,918,-2365,-304,9480,16,3,45,11,7,25
XPE_CERAE,Nucleus,1140,147339,1365,-1433,-98,6750,31,8,27,13,11,11
PRT_ANTGR,Nucleus,132,18619,44,-253,-12,1019,9,7,27,5,44,12
RPA2_YEAST,Nucleus,1203,157223,1241,-1608,-138,7307,26,9,26,10,14,13
MNF_MOUSE,Nucleus,617,76853,569,-701,-132,3853,28,6,27,6,14,19
RDP_HUMAN,Nucleus,380,50014,265,-711,-47,2390,19,6,23,11,21,13
EGR1_HUMAN,Nucleus,543,67199,386,-577,-126,3289,20,8,37,6,10,19
CID_DROME,Nucleus,1377,175482,1202,-1926,-165,8295,23,6,37,12,13,12
BASO_HUMAN,Nucleus,993,128710,878,-1382,-134,6041,23,6,32,12,15,12
CPH1_CANAL,Nucleus,656,84687,530,-928,-74,3906,23,10,36,12,11,11
SNF6_YEAST,Nucleus,332,43523,295,-539,-28,1983,25,8,30,12,14,9
SFP1_YEAST,Nucleus,683,86980,490,-1056,-66,4048,20,5,44,15,12,10
RPBX_YEAST,Nucleus,70,9510,79,-94,-5,432,29,9,20,11,19,9
SRYB_DROME,Nucleus,351,47492,309,-557,-26,2128,22,9,26,15,20,7
DBPA_HUMAN,Nucleus,342,43088,221,-520,-75,2168,23,7,20,11,17,22
SP32_HUMAN,Nucleus,282,36385,293,-398,-35,1660,27,7,23,13,13,13
U2AG_HUMAN,Nucleus,240,32143,166,-407,-18,1515,17,9,23,15,22,13
ACE1_YEAST,Nucleus,225,28430,179,-313,-26,1377,23,2,34,12,16,13
SWI5_YEAST,Nucleus,709,92430,568,-1153,-85,4325,20,6,35,16,15,11
BAF1_YEAST,Nucleus,731,94802,576,-1380,-52,4221,21,5,34,21,15,8
HMZ2_DROME,Nucleus,252,33605,252,-374,-21,1494,26,10,32,14,12,7
MSN1_YEAST,Nucleus,382,49919,316,-625,-38,2294,23,7,37,18,13,10
NHPB_YEAST,Nucleus,99,13227,61,-191,-11,643,21,8,21,16,24,10
SMD3_HUMAN,Nucleus,126,16150,129,-176,-11,811,29,4,26,12,19,14
